ID,firstname,lastname,fullname,school,dob
1,Brian,Smith,Brian Smith,White-Trujillo,1995-06-24
1,Brien,Smyth,Brien Smyth,White-Trujillo,1995-06-24
1,Brien,Smith,Brien Smith,White-Trujillo,1995-06-24
1,Brian,Smith,Brian Smith,White-Trujillo,1995-06-24
2,Steven,Greene,Steven Greene,"Gibson, Williams and Johnson",1961-06-09
2,Stephan,Greene,Stephan Greene,"Gibson, Williams and Johnson",1961-06-09
2,Stephen,Greene,Stephen Greene,"Gibson, Williams and Johnson",1961-06-09
2,Steven,Grean,Steven Grean,"Gibson, Williams and Johnson",1961-06-09
3,Steven,Devis,Steven Devis,Schaefer Ltd,1997-02-12
3,Stephan,Davies,Stephan Davies,Schaefer Ltd,1997-02-12
3,Stephan,Davies,Stephan Davies,Schaefer Ltd,1997-02-12
3,Stephan,Davies,Stephan Davies,Schaefer Ltd,1997-02-12
4,Sara,Green,Sara Green,Clements LLC,1954-09-01
4,Sara,Greene,Sara Greene,Clements LLC,1954-09-01
4,Sarah,Grean,Sarah Grean,Clements LLC,1954-09-01
4,Sara,Green,Sara Green,Clements LLC,1954-09-01
5,Phillip,Browne,Phillip Browne,Hayes-Cochran,2002-11-17
5,Filip,Brown,Filip Brown,Hayes-Cochran,2002-11-17
5,Philip,Browne,Philip Browne,Hayes-Cochran,2002-11-17
5,Filip,Braun,Filip Braun,Hayes-Cochran,2002-11-17
6,Brian,Tayler,Brian Tayler,Serrano-Young,1990-01-22
6,Bryan,Tailor,Bryan Tailor,Serrano-Young,1990-01-22
6,Bryan,Tailor,Bryan Tailor,Serrano-Young,1990-01-22
6,Brien,Taylor,Brien Taylor,Serrano-Young,1990-01-22
7,Katherine,Louis,Katherine Louis,"Perez, Andrade and Harper",1995-02-20
7,Catherine,Lewis,Catherine Lewis,"Perez, Andrade and Harper",1995-02-20
7,Kathryn,Louis,Kathryn Louis,"Perez, Andrade and Harper",1995-02-20
7,Catherine,Lewis,Catherine Lewis,"Perez, Andrade and Harper",1995-02-20
8,Mark,Smith,Mark Smith,Payne PLC,1999-11-22
8,Marck,Smyth,Marck Smyth,Payne PLC,1999-11-22
8,Mark,Smyth,Mark Smyth,Payne PLC,1999-11-22
8,Mark,Smith,Mark Smith,Payne PLC,1999-11-22
9,Stephen,Tailor,Stephen Tailor,Hartman-Delgado,1997-11-19
9,Stephan,Taylor,Stephan Taylor,Hartman-Delgado,1997-11-19
9,Steven,Taylor,Steven Taylor,Hartman-Delgado,1997-11-19
9,Stephan,Taylor,Stephan Taylor,Hartman-Delgado,1997-11-19
10,Alan,Greene,Alan Greene,Garcia PLC,1977-01-20
10,Allen,Green,Allen Green,Garcia PLC,1977-01-20
10,Alan,Green,Alan Green,Garcia PLC,1977-01-20
10,Allen,Grean,Allen Grean,Garcia PLC,1977-01-20
11,Katherine,Davies,Katherine Davies,"Stone, Baxter and Davis",1977-04-07
11,Kathryn,Davies,Kathryn Davies,"Stone, Baxter and Davis",1977-04-07
11,Katherine,Devis,Katherine Devis,"Stone, Baxter and Davis",1977-04-07
11,Catherine,Devis,Catherine Devis,"Stone, Baxter and Davis",1977-04-07
12,Allen,Green,Allen Green,Daniels-Clark,1972-02-12
12,Alan,Grean,Alan Grean,Daniels-Clark,1972-02-12
12,Alan,Green,Alan Green,Daniels-Clark,1972-02-12
12,Alan,Greene,Alan Greene,Daniels-Clark,1972-02-12
13,Brian,Miller,Brian Miller,"Montes, Valdez and Pugh",1992-10-26
13,Bryan,Millar,Bryan Millar,"Montes, Valdez and Pugh",1992-10-26
13,Brian,Milar,Brian Milar,"Montes, Valdez and Pugh",1992-10-26
13,Bryan,Milar,Bryan Milar,"Montes, Valdez and Pugh",1992-10-26
14,Megan,Tailor,Megan Tailor,Lawrence-Ho,1979-12-08
14,Meghan,Tailor,Meghan Tailor,Lawrence-Ho,1979-12-08
14,Megan,Tailor,Megan Tailor,Lawrence-Ho,1979-12-08
14,Meghan,Taylor,Meghan Taylor,Lawrence-Ho,1979-12-08
15,Phillip,Smith,Phillip Smith,Fernandez-Reed,1974-01-16
15,Philip,Smyth,Philip Smyth,Fernandez-Reed,1974-01-16
15,Filip,Smyth,Filip Smyth,Fernandez-Reed,1974-01-16
15,Phillip,Smithe,Phillip Smithe,Fernandez-Reed,1974-01-16
16,Catherine,Miller,Catherine Miller,Meyers-Oliver,1954-07-11
16,Kathryn,Millar,Kathryn Millar,Meyers-Oliver,1954-07-11
16,Kathryn,Milar,Kathryn Milar,Meyers-Oliver,1954-07-11
16,Katherine,Miller,Katherine Miller,Meyers-Oliver,1954-07-11
17,Brien,Lewes,Brien Lewes,"Moore, Rodriguez and Ferguson",1997-09-26
17,Bryan,Louis,Bryan Louis,"Moore, Rodriguez and Ferguson",1997-09-26
17,Bryan,Lewis,Bryan Lewis,"Moore, Rodriguez and Ferguson",1997-09-26
17,Brien,Lewis,Brien Lewis,"Moore, Rodriguez and Ferguson",1997-09-26
18,Terry,Taylor,Terry Taylor,"Jones, Wright and Duncan",1974-02-17
18,Teri,Tayler,Teri Tayler,"Jones, Wright and Duncan",1974-02-17
18,Teri,Taylor,Teri Taylor,"Jones, Wright and Duncan",1974-02-17
18,Terry,Tayler,Terry Tayler,"Jones, Wright and Duncan",1974-02-17
19,Terry,Wilzon,Terry Wilzon,"Morales, Case and Thompson",1999-10-02
19,Teri,Wilsen,Teri Wilsen,"Morales, Case and Thompson",1999-10-02
19,Terri,Wilzon,Terri Wilzon,"Morales, Case and Thompson",1999-10-02
19,Teri,Wilzon,Teri Wilzon,"Morales, Case and Thompson",1999-10-02
20,Meagan,Davies,Meagan Davies,"Dean, Stevens and Navarro",1994-04-06
20,Meghan,Davis,Meghan Davis,"Dean, Stevens and Navarro",1994-04-06
20,Meghan,Davies,Meghan Davies,"Dean, Stevens and Navarro",1994-04-06
20,Meghan,Devis,Meghan Devis,"Dean, Stevens and Navarro",1994-04-06
21,Terry,Lewes,Terry Lewes,"Heath, Jones and Banks",1987-09-09
21,Teri,Louis,Teri Louis,"Heath, Jones and Banks",1987-09-09
21,Terri,Louis,Terri Louis,"Heath, Jones and Banks",1987-09-09
21,Teri,Lewis,Teri Lewis,"Heath, Jones and Banks",1987-09-09
22,Alan,Davies,Alan Davies,Wright-Montoya,1998-01-08
22,Alan,Davies,Alan Davies,Wright-Montoya,1998-01-08
22,Alen,Davies,Alen Davies,Wright-Montoya,1998-01-08
22,Alen,Davis,Alen Davis,Wright-Montoya,1998-01-08
23,Alen,Braun,Alen Braun,"Johnson, Lee and Anderson",1956-11-10
23,Allen,Braun,Allen Braun,"Johnson, Lee and Anderson",1956-11-10
23,Alen,Brown,Alen Brown,"Johnson, Lee and Anderson",1956-11-10
23,Allen,Brown,Allen Brown,"Johnson, Lee and Anderson",1956-11-10
24,Meagan,Tayler,Meagan Tayler,Herring-Sherman,2000-05-04
24,Megan,Taylor,Megan Taylor,Herring-Sherman,2000-05-04
24,Meagan,Tayler,Meagan Tayler,Herring-Sherman,2000-05-04
24,Meagan,Taylor,Meagan Taylor,Herring-Sherman,2000-05-04
25,Teri,Davis,Teri Davis,Conley-Foley,1991-09-03
25,Terry,Davies,Terry Davies,Conley-Foley,1991-09-03
25,Terry,Davis,Terry Davis,Conley-Foley,1991-09-03
25,Terry,Davies,Terry Davies,Conley-Foley,1991-09-03
