ID,firstname,lastname,fullname,Index
1,Tracy,Martinez Bailey,Tracy Martinez Bailey,0
1,T.,M. Bailey,T. M. Bailey,1
2,Ariel,Mccullough,Ariel Mccullough,2
2,Ariel,M.,Ariel M.,3
3,Dean Dillon,Fields,Dean Dillon Fields,4
3,D. Dillon,F.,D. Dillon F.,5
4,Mark Lauren,Beck Ortiz,Mark Lauren Beck Ortiz,6
4,Mark Lauren,B. Ortiz,Mark Lauren B. Ortiz,7
5,Brandon Ellen Scott,Ramirez,Brandon Ellen Scott Ramirez,8
5,Brndon gllen S.,R.,Brndon gllen S. R.,9
6,Ashley Laura,Zimmerman,Ashley Laura Zimmerman,10
6,Ashley Laura,Zisamerun,Ashley Laura Zisamerun,11
7,Amber Katherine Susan,Boyd,Amber Katherine Susan Boyd,12
7,Amber K. Susan,Boyd,Amber K. Susan Boyd,13
8,Sharon Hector Andrew,Buchanan,Sharon Hector Andrew Buchanan,14
8,qSharon Hector A.,B.,qSharon Hector A. B.,15
9,Christopher,Ferguson Flores,Christopher Ferguson Flores,16
9,Cp,F. Flrores,Cp F. Flrores,17
10,Henry Andrew Allison,Reyes Davis,Henry Andrew Allison Reyes Davis,18
10,Henry Andrew Allison,Reyes Davis,Henry Andrew Allison Reyes Davis,19
11,Ian,Tate Moore,Ian Tate Moore,20
11,o,Tate Moore,o Tate Moore,21
12,Howard Jennifer Kenneth,Garcia Thomas,Howard Jennifer Kenneth Garcia Thomas,22
12,Howard Jennifer Kenneth,Garcia Thomas,Howard Jennifer Kenneth Garcia Thomas,23
13,Brett John Carla,Young Romero,Brett John Carla Young Romero,24
13,Birett John Ctrla,Young Romero,Birett John Ctrla Young Romero,25
14,Angela Cameron Anthony,Schultz Mcintyre,Angela Cameron Anthony Schultz Mcintyre,26
14,Angela Cameron Anthony,Shulte M.,Angela Cameron Anthony Shulte M.,27
15,Craig Kathryn,Pearson,Craig Kathryn Pearson,28
15,C. gcKathryn,Puearsyzon,C. gcKathryn Puearsyzon,29
16,Christopher Cynthia,Harris Faulkner,Christopher Cynthia Harris Faulkner,30
16,Christopher Cynthia,H. Faulkner,Christopher Cynthia H. Faulkner,31
17,Amanda Rodney,Buck Hayes,Amanda Rodney Buck Hayes,32
17,Amanda R.,Buk H.,Amanda R. Buk H.,33
18,Denise Gary Brian,Weeks,Denise Gary Brian Weeks,34
18,Denise Garay Brian,Wj.,Denise Garay Brian Wj.,35
19,Yvette Megan,Lewis Pittman,Yvette Megan Lewis Pittman,36
19,Yvette Megan,Lewis Pittman,Yvette Megan Lewis Pittman,37
20,Chad Christopher Holly,Rivas,Chad Christopher Holly Rivas,38
20,Chad Christopher Holly,Rivas,Chad Christopher Holly Rivas,39
21,William,Pham Henson,William Pham Henson,40
21,Wlliam,P. Henson,Wlliam P. Henson,41
22,Shawn John Tonya,Peterson Stevens,Shawn John Tonya Peterson Stevens,42
22,S. John Tonya,Peterson S.,S. John Tonya Peterson S.,43
23,Chelsea,Smith,Chelsea Smith,44
23,w,S.,w S.,45
24,Paula,Warner,Paula Warner,46
24,Paula,W.,Paula W.,47
25,Denise Amanda Patricia,Cabrera,Denise Amanda Patricia Cabrera,48
25,Denise Amanda Patricia,Cabrera,Denise Amanda Patricia Cabrera,49
26,Maria Michael Gregory,Tate Terry,Maria Michael Gregory Tate Terry,50
26,Maria M. Gregory,Tate Terry,Maria M. Gregory Tate Terry,51
27,Sean,Walker,Sean Walker,52
27,Sman,W,Sman W,53
28,Michael Christopher Christina,Turner Robbins,Michael Christopher Christina Turner Robbins,54
28,Michael Christopher Christina,Tuner Robbins,Michael Christopher Christina Tuner Robbins,55
29,Juan Rebecca,Mann Clark,Juan Rebecca Mann Clark,56
29,Juan Rebecca,Mann Clark,Juan Rebecca Mann Clark,57
30,Daniel,Ramirez,Daniel Ramirez,58
30,D.,Ramirez,D. Ramirez,59
31,Emily,Morrison,Emily Morrison,60
31,cEaiily,M.,cEaiily M.,61
32,Calvin,Green,Calvin Green,62
32,Calvin,Green,Calvin Green,63
33,James Erica,Braun,James Erica Braun,64
33,James E.,Biradn,James E. Biradn,65
34,Aaron Ronald Emily,Santos,Aaron Ronald Emily Santos,66
34,Aaron Ronald Emily,S.,Aaron Ronald Emily S.,67
35,David,Holmes,David Holmes,68
36,Jeffrey Joshua,Fisher Cole,Jeffrey Joshua Fisher Cole,69
36,Jerecy Joswua,F. Cole,Jerecy Joswua F. Cole,70
37,Nicole Lindsey,Mooney,Nicole Lindsey Mooney,71
37,Nicole Lindsey,looaney,Nicole Lindsey looaney,72
38,Sally James,Murphy,Sally James Murphy,73
38,Sally James,M.,Sally James M.,74
39,Timothy,Morton,Timothy Morton,75
39,Tiimxthl,Morton,Tiimxthl Morton,76
40,Daniel John,Peterson Brown,Daniel John Peterson Brown,77
40,Daniel John,Peterson Brown,Daniel John Peterson Brown,78
41,Kimberly Christine Kathryn,Garrett Riley,Kimberly Christine Kathryn Garrett Riley,79
41,Kimberly Christine K.,Garxeratt Rlley,Kimberly Christine K. Garxeratt Rlley,80
42,Lawrence,Abbott,Lawrence Abbott,81
42,L.,Abbott,L. Abbott,82
43,Brian Cheryl Ryan,Garcia Brown,Brian Cheryl Ryan Garcia Brown,83
43,Brian hersl jyan,Garcia Brown,Brian hersl jyan Garcia Brown,84
44,Cody Karen Jesse,Greene Keller,Cody Karen Jesse Greene Keller,85
44,Cody Karen Jesse,Greene K.,Cody Karen Jesse Greene K.,86
45,Nichole Christine,Morgan Pace,Nichole Christine Morgan Pace,87
45,N. Christine,Morgan Pace,N. Christine Morgan Pace,88
46,James,Garcia Larson,James Garcia Larson,89
46,James,brsia Larson,James brsia Larson,90
47,David William,Kelly Olson,David William Kelly Olson,91
47,Daid e.,Kelly Olson,Daid e. Kelly Olson,92
48,David,Silva Palmer,David Silva Palmer,93
48,juamid,S. Palmer,juamid S. Palmer,94
49,Dylan,Parker Cooper,Dylan Parker Cooper,95
49,Dylan,Parker Cooper,Dylan Parker Cooper,96
50,Erika,Brown Hunter,Erika Brown Hunter,97
50,z,Brown Hnntleq,z Brown Hnntleq,98
51,Danielle James,Jones,Danielle James Jones,99
51,Danqielle zames,J.,Danqielle zames J.,100
52,Tina Carol Mark,Lane Mccarty,Tina Carol Mark Lane Mccarty,101
52,Tina C. Mark,L. Mccarty,Tina C. Mark L. Mccarty,102
53,Tyler Samantha Danielle,Steele Owens,Tyler Samantha Danielle Steele Owens,103
53,Tyler Samantha Danielle,Steele O.,Tyler Samantha Danielle Steele O.,104
54,Lindsay Nicholas,Ross,Lindsay Nicholas Ross,105
54,Lindsay Nicholas,Ross,Lindsay Nicholas Ross,106
55,Anthony,Wilson,Anthony Wilson,107
55,Anthony,Wilson,Anthony Wilson,108
56,Bradley,Johnson,Bradley Johnson,109
56,Bawdly,Johnn,Bawdly Johnn,110
57,Jennifer,Morgan,Jennifer Morgan,111
57,J.,Mopgan,J. Mopgan,112
58,Renee,Smith,Renee Smith,113
58,Renee,Smith,Renee Smith,114
59,Sharon Kevin John,Pacheco,Sharon Kevin John Pacheco,115
59,Sharoxn Kevin Joh,Pacheco,Sharoxn Kevin Joh Pacheco,116
60,Nicole Natalie,Jones Thomas,Nicole Natalie Jones Thomas,117
60,Nicole Natalie,Jones Thomas,Nicole Natalie Jones Thomas,118
61,Nicholas Nicholas,Greene Rowland,Nicholas Nicholas Greene Rowland,119
61,Nicholas Nicholas,Greebe.,Nicholas Nicholas Greebe.,120
62,Jaime Amanda Kristine,Murphy Brown,Jaime Amanda Kristine Murphy Brown,121
62,Jaime A. Kristine,Murphy Brown,Jaime A. Kristine Murphy Brown,122
63,Norma Jason,Miller,Norma Jason Miller,123
63,Norma Jason,Miller,Norma Jason Miller,124
64,William Karen,Newman Hicks,William Karen Newman Hicks,125
64,William Karen,N. Hicks,William Karen N. Hicks,126
65,Nathaniel Heather,Baldwin Simpson,Nathaniel Heather Baldwin Simpson,127
65,Nathawniel Hethep,Baldwin Simpson,Nathawniel Hethep Baldwin Simpson,128
66,Debra Jamie Patricia,Hayes Young,Debra Jamie Patricia Hayes Young,129
66,Debra J. Patricia,Hayes Young,Debra J. Patricia Hayes Young,130
67,Eric Megan,Scott,Eric Megan Scott,131
67,E. Megan,S.,E. Megan S.,132
68,Sean Michael,Silva,Sean Michael Silva,133
68,Sean Michael,iSilca,Sean Michael iSilca,134
69,Taylor,Ortiz,Taylor Ortiz,135
69,Taylor,O.,Taylor O.,136
70,Scott,Baker Jones,Scott Baker Jones,137
70,S.,Baker Jones,S. Baker Jones,138
71,Amy,Miller,Amy Miller,139
71,Az.,Miller,Az. Miller,140
72,Michael,Payne,Michael Payne,141
72,yicrhael,Payne,yicrhael Payne,142
73,Julie Kayla,Bruce,Julie Kayla Bruce,143
73,Julie Kayla,Bruce,Julie Kayla Bruce,144
74,Jennifer,Daniels,Jennifer Daniels,145
74,Jennifer,Daniels,Jennifer Daniels,146
75,Krista Richard Richard,Carpenter,Krista Richard Richard Carpenter,147
75,Krista Richard Richard,Carpenter,Krista Richard Richard Carpenter,148
76,Michelle Jeremy Jennifer,Clark,Michelle Jeremy Jennifer Clark,149
76,Michelle Jeremy J.,m,Michelle Jeremy J. m,150
77,Taylor Lisa Matthew,Miller Singleton,Taylor Lisa Matthew Miller Singleton,151
77,T. Lisa Mttthtew,Miller Singletou,T. Lisa Mttthtew Miller Singletou,152
78,Samuel,Farrell,Samuel Farrell,153
78,Samuel,Fb.,Samuel Fb.,154
79,Kevin,Rojas Porter,Kevin Rojas Porter,155
79,xK.,Rojas Phorter,xK. Rojas Phorter,156
80,Karen Kathryn Hannah,Evans Matthews,Karen Kathryn Hannah Evans Matthews,157
80,Karen Kathryn Hannah,Evans Matthews,Karen Kathryn Hannah Evans Matthews,158
81,Ashley,Lloyd,Ashley Lloyd,159
81,A.,Lloyd,A. Lloyd,160
82,Bryce Paul Thomas,Murphy,Bryce Paul Thomas Murphy,161
82,Bryce Paul Thomas,M.,Bryce Paul Thomas M.,162
83,Damon Angela,Johnson,Damon Angela Johnson,163
83,D. Angela,Johnson,D. Angela Johnson,164
84,Justin,Hall Keller,Justin Hall Keller,165
84,Jxstin,H. Keller,Jxstin H. Keller,166
85,Alex Mark Renee,Myers,Alex Mark Renee Myers,167
85,Alex Mark Renee,M,Alex Mark Renee M,168
86,Julia Paul,Berger,Julia Paul Berger,169
86,Julia Paul,Berger,Julia Paul Berger,170
87,Ryan,Mckinney Wells,Ryan Mckinney Wells,171
87,Ryxn,M. Wells,Ryxn M. Wells,172
88,Gail Joshua,Smith Thomas,Gail Joshua Smith Thomas,173
88,Gail Joshua,n. Thomas,Gail Joshua n. Thomas,174
89,Alicia Renee Natasha,Stevens Johnston,Alicia Renee Natasha Stevens Johnston,175
89,A. Renee Natasha,Stevens Johnston,A. Renee Natasha Stevens Johnston,176
90,Isabella Jennifer,Evans,Isabella Jennifer Evans,177
90,I. Jennifer,E.,I. Jennifer E.,178
91,Rachel Jessica,Ellis,Rachel Jessica Ellis,179
91,R. Jessica,E.,R. Jessica E.,180
92,John,Harrell Hill,John Harrell Hill,181
92,Jbb,Harrell Hill,Jbb Harrell Hill,182
93,Jennifer,Robinson Snyder,Jennifer Robinson Snyder,183
93,Jennifer,Robinson Snyder,Jennifer Robinson Snyder,184
94,Katie Mark,Hayes,Katie Mark Hayes,185
94,Katie Mark,Hayes,Katie Mark Hayes,186
95,Charles Heather,Brady,Charles Heather Brady,187
95,Charles Heather,Brady,Charles Heather Brady,188
96,Randy Alex,Wilson Stark,Randy Alex Wilson Stark,189
96,Randy Alex,Wsoin hStark,Randy Alex Wsoin hStark,190
97,Carlos Amy John,Dodson Taylor,Carlos Amy John Dodson Taylor,191
97,Carlos Amy John,Dodson Taylor,Carlos Amy John Dodson Taylor,192
98,Catherine Gregory David,Figueroa Jackson,Catherine Gregory David Figueroa Jackson,193
98,Catherine Gregory David,FigueroJackson,Catherine Gregory David FigueroJackson,194
99,Gregory Jennifer,Stafford,Gregory Jennifer Stafford,195
99,Gregory Jennifer,Stafford,Gregory Jennifer Stafford,196
100,Danielle Jennifer Penny,Myers Parker,Danielle Jennifer Penny Myers Parker,197
100,DaniuellfeeJennifer Penny,Myers Parkr,DaniuellfeeJennifer Penny Myers Parkr,198
101,Katie,Mcfarland Brooks,Katie Mcfarland Brooks,199
101,hKawie,M. Brooks,hKawie M. Brooks,200
102,Anthony,Smith Hoover,Anthony Smith Hoover,201
102,A.,Smith H.,A. Smith H.,202
103,Gary Gary Robert,Rodriguez Murphy,Gary Gary Robert Rodriguez Murphy,203
103,Gary Glt Rkbert,edriguez urphy,Gary Glt Rkbert edriguez urphy,204
104,Sheila David,Lewis Kelly,Sheila David Lewis Kelly,205
104,Sheila David,Lewis Kelly,Sheila David Lewis Kelly,206
105,Alexander,Lewis Robinson,Alexander Lewis Robinson,207
105,Alexander,Lewis Robinson,Alexander Lewis Robinson,208
106,Nicole,Jenkins Saunders,Nicole Jenkins Saunders,209
106,Nicole,J. Saunders,Nicole J. Saunders,210
107,Kylie Sandra Ashley,King Davis,Kylie Sandra Ashley King Davis,211
107,Kylie Sandra Ashley,King D.,Kylie Sandra Ashley King D.,212
108,Sandra Kelsey,Anderson,Sandra Kelsey Anderson,213
108,Sandr nKelsey,Anderson,Sandr nKelsey Anderson,214
109,Tiffany Elizabeth Carlos,Smith,Tiffany Elizabeth Carlos Smith,215
109,Tiffany Elizabeth Carlos,Smith,Tiffany Elizabeth Carlos Smith,216
110,Briana Vanessa,Hall,Briana Vanessa Hall,217
110,Briana Vaenesva,Hall,Briana Vaenesva Hall,218
111,Katherine Christine,Brown Brooks,Katherine Christine Brown Brooks,219
111,Katherine Christine,Bo y.,Katherine Christine Bo y.,220
112,Benjamin Sandra Carly,Bautista Stevenson,Benjamin Sandra Carly Bautista Stevenson,221
112,Benjamin Sandra Carly,B Stevenmson,Benjamin Sandra Carly B Stevenmson,222
113,Benjamin Latoya,Perry Hess,Benjamin Latoya Perry Hess,223
113,Blb. Lauoya,Perry Hess,Blb. Lauoya Perry Hess,224
114,Matthew Jamie,Brown Hardin,Matthew Jamie Brown Hardin,225
114,Matthew Jamie,Brown Hardin,Matthew Jamie Brown Hardin,226
115,Jeffrey Monique Adrienne,White,Jeffrey Monique Adrienne White,227
115,J. Monique Adrienne,White,J. Monique Adrienne White,228
116,Brett Victoria,Mays Martinez,Brett Victoria Mays Martinez,229
116,Brett Victoria,Mays Martinez,Brett Victoria Mays Martinez,230
117,William,Simmons,William Simmons,231
118,Roger Catherine Kevin,Ray,Roger Catherine Kevin Ray,232
118,RogerCathprineKevin,R.,RogerCathprineKevin R.,233
119,Raymond Gary,Alexander Wagner,Raymond Gary Alexander Wagner,234
119,Raymond Gary,Alexander Wagner,Raymond Gary Alexander Wagner,235
120,Andrew,James,Andrew James,236
120,A.,J.,A. J.,237
121,Amanda,Tran,Amanda Tran,238
121,Amanda,nracn,Amanda nracn,239
122,Shawn,Brooks Obrien,Shawn Brooks Obrien,240
122,Shawn,Brooks O.,Shawn Brooks O.,241
123,James,Hendricks,James Hendricks,242
123,Jaes,Hendricks,Jaes Hendricks,243
124,Jessica Travis Sara,Bentley Waller,Jessica Travis Sara Bentley Waller,244
124,Jessica Travis S.,Benley Waller,Jessica Travis S. Benley Waller,245
125,Charles Nicole Victoria,Martinez Frederick,Charles Nicole Victoria Martinez Frederick,246
125,Charles Nicole ectoria,M. Fredexrick,Charles Nicole ectoria M. Fredexrick,247
126,Kelsey,Walton,Kelsey Walton,248
126,Kelsey,Walton,Kelsey Walton,249
127,Micheal,Brown Cruz,Micheal Brown Cruz,250
127,Micheal,Brhwpn Cvruz,Micheal Brhwpn Cvruz,251
128,Sandra Michael,Mann Johnson,Sandra Michael Mann Johnson,252
128,Snndra hichael,Mann Johnson,Snndra hichael Mann Johnson,253
129,Dylan,Wright,Dylan Wright,254
129,izlna,Wright,izlna Wright,255
130,Dawn Sabrina,Sanders,Dawn Sabrina Sanders,256
130,Dawn Sabrina,Sanders,Dawn Sabrina Sanders,257
131,Gabriel Ronald,Holt Mason,Gabriel Ronald Holt Mason,258
131,Gabrnbel Ronald,Htolt Masn,Gabrnbel Ronald Htolt Masn,259
132,Karen Sandra,Booth,Karen Sandra Booth,260
132,Karen Sandra,Bc,Karen Sandra Bc,261
133,Joseph Jason Kaitlin,Hale,Joseph Jason Kaitlin Hale,262
133,Joseph Jason Kaitlin,H.,Joseph Jason Kaitlin H.,263
134,Collin Kim Robert,Butler,Collin Kim Robert Butler,264
134,C. Kim Robert,dutler,C. Kim Robert dutler,265
135,Jacob Dennis Tom,Shaw Rodriguez,Jacob Dennis Tom Shaw Rodriguez,266
135,Jacob Dennis Tom,uhaw R.,Jacob Dennis Tom uhaw R.,267
136,Lisa James,Bird,Lisa James Bird,268
136,Lisa James,itzd,Lisa James itzd,269
137,Miranda Gabriel,Carter,Miranda Gabriel Carter,270
137,Miranda Gabriel,Carter,Miranda Gabriel Carter,271
138,Brenda Timothy Emily,Garcia,Brenda Timothy Emily Garcia,272
138,Brnda Timotnyi wmily,Garcia,Brnda Timotnyi wmily Garcia,273
139,Brandi,Huerta Davis,Brandi Huerta Davis,274
139,B.,Huerta Davis,B. Huerta Davis,275
140,Joseph Todd Katherine,Munoz,Joseph Todd Katherine Munoz,276
140,Joseph Todd Kapherne,Munoz,Joseph Todd Kapherne Munoz,277
141,Lisa Shelley,Ortega,Lisa Shelley Ortega,278
141,Lis Shelley,irtxsg,Lis Shelley irtxsg,279
142,Linda Aaron,Harrell,Linda Aaron Harrell,280
142,Lindah Ap.,Harrell,Lindah Ap. Harrell,281
143,Anthony David Alyssa,Tapia Walton,Anthony David Alyssa Tapia Walton,282
143,Anthony David Alyssa,Tapia cWalton,Anthony David Alyssa Tapia cWalton,283
144,Donna Thomas,Gutierrez,Donna Thomas Gutierrez,284
144,Dnrna Tfomaps,G.,Dnrna Tfomaps G.,285
145,Allen,Ward Williams,Allen Ward Williams,286
145,A.,Waqd Willsms,A. Waqd Willsms,287
146,Jocelyn Laura Michael,Crosby,Jocelyn Laura Michael Crosby,288
146,Jocelyn Laura Michael,Crosby,Jocelyn Laura Michael Crosby,289
147,Jessica Kelly,Lee Thomas,Jessica Kelly Lee Thomas,290
147,Jessica K.,Lee Thomas,Jessica K. Lee Thomas,291
148,David,Robles,David Robles,292
148,vi,Robles,vi Robles,293
149,Gary Sean Darrell,Bates Allen,Gary Sean Darrell Bates Allen,294
149,Gary Sean Darrell,Batjsa A.,Gary Sean Darrell Batjsa A.,295
150,Christopher Ryan,Baldwin Martin,Christopher Ryan Baldwin Martin,296
150,Christopher Ryan,Baldwin Martin,Christopher Ryan Baldwin Martin,297
151,Jennifer Elizabeth Stephanie,Lambert,Jennifer Elizabeth Stephanie Lambert,298
151,J. Eslizabeth Stephnke,L.,J. Eslizabeth Stephnke L.,299
152,Laura Marvin Jeffrey,Johnston Bradshaw,Laura Marvin Jeffrey Johnston Bradshaw,300
152,Laura Marvin Jeffrey,Johnston Bradshaw,Laura Marvin Jeffrey Johnston Bradshaw,301
153,Julia,Hardy,Julia Hardy,302
153,.,Hardy,. Hardy,303
154,Jeffrey,Wilson Miller,Jeffrey Wilson Miller,304
154,J.,Wilson M.,J. Wilson M.,305
155,Julie Darren,Richardson,Julie Darren Richardson,306
155,Julie D.,Richardson,Julie D. Richardson,307
156,Lance Brittany,Lee Price,Lance Brittany Lee Price,308
156,Lance Brittany,Lee Price,Lance Brittany Lee Price,309
157,Sarah David Elizabeth,Garza Rodriguez,Sarah David Elizabeth Garza Rodriguez,310
157,Sarah David Elizabeth,Garza Rodriguez,Sarah David Elizabeth Garza Rodriguez,311
158,Duane Sherri,Hood,Duane Sherri Hood,312
158,Duane Sherri,Hlod,Duane Sherri Hlod,313
159,Dustin,Ortega,Dustin Ortega,314
159,q,Ortega,q Ortega,315
160,David Wendy Jasmine,Mendoza Poole,David Wendy Jasmine Mendoza Poole,316
160,David W. Jasmine,Mendoza Poole,David W. Jasmine Mendoza Poole,317
161,Tina Mason Maria,Clark Oconnor,Tina Mason Maria Clark Oconnor,318
161,T. Mason Maria,Clark Oconnor,T. Mason Maria Clark Oconnor,319
162,Melissa Jessica,Evans Briggs,Melissa Jessica Evans Briggs,320
162,Melissa Jessica,Evans Briggs,Melissa Jessica Evans Briggs,321
163,Matthew,Gregory,Matthew Gregory,322
163,Matthew,Gregory,Matthew Gregory,323
164,Jessica,Campbell,Jessica Campbell,324
164,J.,C.,J. C.,325
165,Connor Marcus,Moody,Connor Marcus Moody,326
165,Connor Marcus,Moody,Connor Marcus Moody,327
166,Stephen Frank,Taylor,Stephen Frank Taylor,328
166,Stephen Frank,Taylor,Stephen Frank Taylor,329
167,James Denise Michael,Chase Garcia,James Denise Michael Chase Garcia,330
167,James Deise Micael,Chasge Garcia,James Deise Micael Chasge Garcia,331
168,Meagan Sara Cody,Mccann White,Meagan Sara Cody Mccann White,332
168,Meagan Sara C.,Mccann White,Meagan Sara C. Mccann White,333
169,Matthew Ryan Edgar,Sharp Sanchez,Matthew Ryan Edgar Sharp Sanchez,334
169,Matthew R. Edgar,Sharp Sanchez,Matthew R. Edgar Sharp Sanchez,335
170,Hailey Stephanie,Delgado,Hailey Stephanie Delgado,336
170,H.Stephanie,v,H.Stephanie v,337
171,Donna Kimberly Michelle,Santos,Donna Kimberly Michelle Santos,338
171,Donna Kimberly Michelle,Santos,Donna Kimberly Michelle Santos,339
172,David Christopher,Burns,David Christopher Burns,340
172,David C.,Bircs,David C. Bircs,341
173,Timothy Heather,Davis Watkins,Timothy Heather Davis Watkins,342
173,Timothy Heather,Davis Watkins,Timothy Heather Davis Watkins,343
174,Kenneth David Mark,Reeves,Kenneth David Mark Reeves,344
174,Kenneth David M.,Reqzvgs,Kenneth David M. Reqzvgs,345
175,Lisa Kristen Alyssa,Brown,Lisa Kristen Alyssa Brown,346
175,Lisa K. Alyssa,B.,Lisa K. Alyssa B.,347
176,Karen Tammy,Merritt,Karen Tammy Merritt,348
176,Karen Tammy,Merritt,Karen Tammy Merritt,349
177,Adam,West Edwards,Adam West Edwards,350
177,Adam,Wert Edkars,Adam Wert Edkars,351
178,Evan,Hart,Evan Hart,352
178,Evan,Hart,Evan Hart,353
179,Kenneth Tammy George,Rowland Barrett,Kenneth Tammy George Rowland Barrett,354
179,Kenneth Tammy George,Rowland B.,Kenneth Tammy George Rowland B.,355
180,Donna Sean,Ray Neal,Donna Sean Ray Neal,356
180,D. Sean,Ray Neal,D. Sean Ray Neal,357
181,Jason Corey,Weiss Young,Jason Corey Weiss Young,358
181,Jason Corey,Weisws Yung,Jason Corey Weisws Yung,359
182,Carrie Jason Michael,Anderson,Carrie Jason Michael Anderson,360
182,Carrie J.Michael,Anderson,Carrie J.Michael Anderson,361
183,Rebecca Ricardo,Miller King,Rebecca Ricardo Miller King,362
183,R.Rccardo,Miller King,R.Rccardo Miller King,363
184,Chad Jessica,Cowan,Chad Jessica Cowan,364
184,Chad esvsica,C.,Chad esvsica C.,365
185,Lori,Jacobs Barnes,Lori Jacobs Barnes,366
185,Lori,Jacobs Barnes,Lori Jacobs Barnes,367
186,Anthony,Munoz Jones,Anthony Munoz Jones,368
186,A.,pnoz Jonrss,A. pnoz Jonrss,369
187,Richard Mark Christopher,Blankenship,Richard Mark Christopher Blankenship,370
187,Richard Mark Christopher,Blankenship,Richard Mark Christopher Blankenship,371
188,Alejandro Nicholas Tanya,Gray Garcia,Alejandro Nicholas Tanya Gray Garcia,372
188,Aejandro cicholas Tanya,Gray Garcia,Aejandro cicholas Tanya Gray Garcia,373
189,Brianna Lindsay Cody,Bailey,Brianna Lindsay Cody Bailey,374
189,Brianna Lindsay Cody,B.,Brianna Lindsay Cody B.,375
190,George Stacey,Price Reed,George Stacey Price Reed,376
190,George S.,Price Reed,George S. Price Reed,377
191,Thomas,Anderson Smith,Thomas Anderson Smith,378
191,Thomas,unqderoson S.,Thomas unqderoson S.,379
192,Jill Brian Jessica,Villegas Zimmerman,Jill Brian Jessica Villegas Zimmerman,380
192,Jill Brian Jeslsica,Villegas Z.,Jill Brian Jeslsica Villegas Z.,381
193,Stephen Scott Michael,Harrison Mitchell,Stephen Scott Michael Harrison Mitchell,382
193,Stephen Scotcty Michael,HarrisonMitchebl,Stephen Scotcty Michael HarrisonMitchebl,383
194,Kevin,Hodge Meza,Kevin Hodge Meza,384
194,Knn,xHxdgbe M.,Knn xHxdgbe M.,385
195,Christopher Jessica,Duffy,Christopher Jessica Duffy,386
195,C. Jessica,D.,C. Jessica D.,387
196,Justin Sarah,Stokes Smith,Justin Sarah Stokes Smith,388
196,usxtinbSarh,Stokes Smith,usxtinbSarh Stokes Smith,389
197,Timothy Zachary Whitney,Barron,Timothy Zachary Whitney Barron,390
197,Timothy Zachary Whitney,Barron,Timothy Zachary Whitney Barron,391
198,Adrian,Coleman Ferguson,Adrian Coleman Ferguson,392
198,dzriarj,Cmolejmqi Ferguson,dzriarj Cmolejmqi Ferguson,393
199,Gabriella Bobby,West,Gabriella Bobby West,394
199,Gabriella Bobby,,Gabriella Bobby ,395
200,Gregory,Richardson Anderson,Gregory Richardson Anderson,396
200,G.,Richardson Anderson,G. Richardson Anderson,397
201,George Tara,Morgan Shelton,George Tara Morgan Shelton,398
201,George Tara,Morgan Shelton,George Tara Morgan Shelton,399
202,Kelly Jason,Rojas Carroll,Kelly Jason Rojas Carroll,400
202,Kelly asoi,Rojas C.,Kelly asoi Rojas C.,401
203,Margaret Austin Steven,Williamson,Margaret Austin Steven Williamson,402
203,Margaret Austin Steven,Willyvmon,Margaret Austin Steven Willyvmon,403
204,Mark,Gomez,Mark Gomez,404
204,Mark,Gomez,Mark Gomez,405
205,Richard Alan,Jordan Gonzalez,Richard Alan Jordan Gonzalez,406
205,Richard Alan,Jordan Gonzalez,Richard Alan Jordan Gonzalez,407
206,Adam,Hammond,Adam Hammond,408
206,Adam,Hn.,Adam Hn.,409
207,Michael Patricia,Herrera,Michael Patricia Herrera,410
207,Michael Patricia,Herrera,Michael Patricia Herrera,411
208,Evan,Gomez Hamilton,Evan Gomez Hamilton,412
208,kjva,Gomez Hamilton,kjva Gomez Hamilton,413
209,Jake Billy Ralph,Manning,Jake Billy Ralph Manning,414
209,Jake Billy Ralph,M.,Jake Billy Ralph M.,415
210,Susan Tonya David,Burns,Susan Tonya David Burns,416
210,Susan Tonya David,B.,Susan Tonya David B.,417
211,Karen,Deleon Ross,Karen Deleon Ross,418
211,Karen,Deleon R.,Karen Deleon R.,419
212,Susan,Sparks Martinez,Susan Sparks Martinez,420
212,Susan,Spweks Martnez,Susan Spweks Martnez,421
213,Brett Maria,Jordan,Brett Maria Jordan,422
213,Brett Maria,J.,Brett Maria J.,423
214,Christopher Roy,Williamson,Christopher Roy Williamson,424
214,Christopher Roy,bWiliamscon,Christopher Roy bWiliamscon,425
215,Virginia John Lori,Gonzalez Mccarthy,Virginia John Lori Gonzalez Mccarthy,426
215,Virginia John Lori,Gonyzalezr Mccxrtahy,Virginia John Lori Gonyzalezr Mccxrtahy,427
216,Howard,Riddle Garza,Howard Riddle Garza,428
216,Howard,Rddle Garnu,Howard Rddle Garnu,429
217,Veronica Sarah,Simmons,Veronica Sarah Simmons,430
217,Veronica Sarah,Simong,Veronica Sarah Simong,431
218,Kirk Cynthia,Hall,Kirk Cynthia Hall,432
218,Kirk Cynthia,Hall,Kirk Cynthia Hall,433
219,Dawn Kevin,Adams Ramirez,Dawn Kevin Adams Ramirez,434
219,Dawn Kevin,Adms Ramaez,Dawn Kevin Adms Ramaez,435
220,Hunter,Smith Guerrero,Hunter Smith Guerrero,436
220,Hunter,Smith Guerrero,Hunter Smith Guerrero,437
221,Craig Jack Stacy,Cox Torres,Craig Jack Stacy Cox Torres,438
221,Craijg Jack utacy,Cox Torre,Craijg Jack utacy Cox Torre,439
222,Kaylee David,Ward Patrick,Kaylee David Ward Patrick,440
222,Kaylee David,Ward Patrick,Kaylee David Ward Patrick,441
223,Joshua Breanna Christopher,Rodriguez,Joshua Breanna Christopher Rodriguez,442
223,Joshua Breanna Christopher,Rodriguez,Joshua Breanna Christopher Rodriguez,443
224,Lisa James Sean,Garcia Mcmahon,Lisa James Sean Garcia Mcmahon,444
224,Lisa James Sean,Garcia Mcmahon,Lisa James Sean Garcia Mcmahon,445
225,Amanda Eric,Anderson,Amanda Eric Anderson,446
225,Amanda Eric,Adeson,Amanda Eric Adeson,447
226,Melissa Rebecca,Hester,Melissa Rebecca Hester,448
226,Melissa Rebecca,Hester,Melissa Rebecca Hester,449
227,Carlos,Barnes,Carlos Barnes,450
227,Cacrlos,sarnes,Cacrlos sarnes,451
228,Keith Stephanie Bruce,Compton,Keith Stephanie Bruce Compton,452
228,KeithSteiphanie B.,C.,KeithSteiphanie B. C.,453
229,Gail,Berg,Gail Berg,454
229,G.,Berg,G. Berg,455
230,Anna Peter,Lawson,Anna Peter Lawson,456
230,A. Peter,Lawsn,A. Peter Lawsn,457
231,Jeffery Heather Natasha,Gibbs Gibson,Jeffery Heather Natasha Gibbs Gibson,458
231,Jeffery Heather Natasha,yibbsp ifG.,Jeffery Heather Natasha yibbsp ifG.,459
232,Jeanette Andrea George,Williams Allen,Jeanette Andrea George Williams Allen,460
232,Jeanette Andrea George,W. Allen,Jeanette Andrea George W. Allen,461
233,Joseph Krystal Dawn,Wright Colon,Joseph Krystal Dawn Wright Colon,462
233,Joseph Krystal Dawn,W. Colon,Joseph Krystal Dawn W. Colon,463
234,Mark Stacey Nicole,Baker Anderson,Mark Stacey Nicole Baker Anderson,464
234,Mark Stacey Nicole,Bakrv ,Mark Stacey Nicole Bakrv ,465
235,Madison,Robinson Sanford,Madison Robinson Sanford,466
235,Madison,Robifszon Sanford,Madison Robifszon Sanford,467
236,Diane,Parrish,Diane Parrish,468
236,Diane,P.,Diane P.,469
237,Jonathan Connie Cassandra,Harris Ramos,Jonathan Connie Cassandra Harris Ramos,470
237,Jonathan C. Cassandra,Harris Ramos,Jonathan C. Cassandra Harris Ramos,471
238,Randall,Griffin Blair,Randall Griffin Blair,472
238,Randall,Griffin Blair,Randall Griffin Blair,473
239,Tyler Stephen,Ochoa Thompson,Tyler Stephen Ochoa Thompson,474
239,Tyyez Stephn,Ochoazr.,Tyyez Stephn Ochoazr.,475
240,Kyle Nicole Lisa,Mcdaniel,Kyle Nicole Lisa Mcdaniel,476
240,Kyle Nicole Lisa,Mcdniel,Kyle Nicole Lisa Mcdniel,477
241,John Regina,Waller Garcia,John Regina Waller Garcia,478
241,John Regina,Waller Garcia,John Regina Waller Garcia,479
242,Nicholas Andrew Margaret,Hines Newman,Nicholas Andrew Margaret Hines Newman,480
242,Nicholas Andrew Margaret,kinels dewman,Nicholas Andrew Margaret kinels dewman,481
243,Douglas Courtney,Smith,Douglas Courtney Smith,482
243,Douglas Courtney,S.,Douglas Courtney S.,483
244,Jill Matthew Jasmine,Harris Castillo,Jill Matthew Jasmine Harris Castillo,484
244,Jill Matthew Jasmine,Harris Castillo,Jill Matthew Jasmine Harris Castillo,485
245,Eric Brian Heather,Burton Martinez,Eric Brian Heather Burton Martinez,486
245,Eric Brian Heather,Burton Martinwez,Eric Brian Heather Burton Martinwez,487
246,William Mary Donald,Barr Johnson,William Mary Donald Barr Johnson,488
246,William Mary Donald,Barr Johnson,William Mary Donald Barr Johnson,489
247,Jeremiah,Koch,Jeremiah Koch,490
247,Jeremiah,K.,Jeremiah K.,491
248,Travis Vicki Jeffrey,Huber Campbell,Travis Vicki Jeffrey Huber Campbell,492
248,Traviszicki Jbl.,zHcubepr Ckampbell,Traviszicki Jbl. zHcubepr Ckampbell,493
249,Sandra Samantha Paula,Munoz,Sandra Samantha Paula Munoz,494
249,Sandra Samantha Paula,Munoz,Sandra Samantha Paula Munoz,495
250,Howard,Coleman Barry,Howard Coleman Barry,496
250,Howard,Coleman Barry,Howard Coleman Barry,497
251,Joseph Victor,Wood Baker,Joseph Victor Wood Baker,498
251,Joseph Victor,Wod Bqer,Joseph Victor Wod Bqer,499
252,Kimberly Dwayne,Hernandez Griffin,Kimberly Dwayne Hernandez Griffin,500
252,Kimberly D.,H. Groiffiyn,Kimberly D. H. Groiffiyn,501
253,Susan Joshua Christopher,Cooley,Susan Joshua Christopher Cooley,502
253,Susan Joshua Christopher,Cooley,Susan Joshua Christopher Cooley,503
254,Troy Timothy Teresa,Guzman,Troy Timothy Teresa Guzman,504
254,T. Tlimothy Teresa,G.,T. Tlimothy Teresa G.,505
255,Patrick Andrea,Ryan Vasquez,Patrick Andrea Ryan Vasquez,506
255,Pataich Andrea,Raab Vamsquez,Pataich Andrea Raab Vamsquez,507
256,Alison,Frank,Alison Frank,508
256,Alison,xranx,Alison xranx,509
257,Victoria Andre,Grant Rosario,Victoria Andre Grant Rosario,510
257,V. Andre,Grant Rsario,V. Andre Grant Rsario,511
258,Melinda,Delacruz Fuentes,Melinda Delacruz Fuentes,512
258,Melinda,Delacruz Fuentes,Melinda Delacruz Fuentes,513
259,Teresa Robin,Sanchez,Teresa Robin Sanchez,514
259,Teresa Robin,Sanchez,Teresa Robin Sanchez,515
260,Suzanne,Padilla Bennett,Suzanne Padilla Bennett,516
260,Suzanne,Padilla B.,Suzanne Padilla B.,517
261,Brian,Rodriguez,Brian Rodriguez,518
261,prian,R.,prian R.,519
262,Dylan,Thomas Sanchez,Dylan Thomas Sanchez,520
262,Deylafn,Thomas Sanchez,Deylafn Thomas Sanchez,521
263,Kathy,Harrison,Kathy Harrison,522
263,K.,Harrison,K. Harrison,523
264,Theodore Jennifer,Wallace Newman,Theodore Jennifer Wallace Newman,524
264,T. Jennifer,Wallac Nywman,T. Jennifer Wallac Nywman,525
265,Nicole Antonio Karen,Gordon,Nicole Antonio Karen Gordon,526
265,N.Anztonno Karoen,Gordon,N.Anztonno Karoen Gordon,527
266,Stacy Shawn,Dawson Scott,Stacy Shawn Dawson Scott,528
266,Spacy Shawwgn,Dason Scot,Spacy Shawwgn Dason Scot,529
267,Joseph Christopher Nicholas,Tapia,Joseph Christopher Nicholas Tapia,530
267,Josepvh Cwristsopher Nicholas,T.,Josepvh Cwristsopher Nicholas T.,531
268,Lynn Theresa Cassie,Jones Schwartz,Lynn Theresa Cassie Jones Schwartz,532
268,Lynn Theresa Cassie,Jones bS.,Lynn Theresa Cassie Jones bS.,533
269,Fred,Pratt,Fred Pratt,534
269,l,Pryaid,l Pryaid,535
270,Carrie Melanie Anthony,Campbell Weaver,Carrie Melanie Anthony Campbell Weaver,536
270,Carkrie Melunie cnvhony,CmpbellWeaver,Carkrie Melunie cnvhony CmpbellWeaver,537
271,Renee,Lopez Harris,Renee Lopez Harris,538
271,R.,Lopez Harris,R. Lopez Harris,539
272,Annette,Elliott,Annette Elliott,540
272,Annette,Exlliot,Annette Exlliot,541
273,Alan Michael,Campbell,Alan Michael Campbell,542
273,Alan icel,Camepbelnl,Alan icel Camepbelnl,543
274,Jessica,Dickson Park,Jessica Dickson Park,544
274,J.,Dickson P.,J. Dickson P.,545
275,Craig,Aguirre Hernandez,Craig Aguirre Hernandez,546
275,C.,Aeuirre Hernandez,C. Aeuirre Hernandez,547
276,Kelly,Hernandez Ford,Kelly Hernandez Ford,548
276,Kelly,Hernandez Ford,Kelly Hernandez Ford,549
277,Destiny,Mack Martin,Destiny Mack Martin,550
277,Destiny,Mck arin,Destiny Mck arin,551
278,Seth David Kelly,Hanson,Seth David Kelly Hanson,552
278,S. David Kelly,Hansqn,S. David Kelly Hansqn,553
279,Paul,Clark Bishop,Paul Clark Bishop,554
279,P.,C. Bishop,P. C. Bishop,555
280,Virginia,Davis,Virginia Davis,556
280,Virginia,Davis,Virginia Davis,557
281,Mikayla,Salinas Jacobson,Mikayla Salinas Jacobson,558
281,Mikayla,Stalis J,Mikayla Stalis J,559
282,Evan Joshua Michael,Davis White,Evan Joshua Michael Davis White,560
282,Evan Joshua Michael,Davis White,Evan Joshua Michael Davis White,561
283,Kathryn Scott,Glass Case,Kathryn Scott Glass Case,562
283,Kathryn Scott,Glass Case,Kathryn Scott Glass Case,563
284,Melody Sally,Anderson Richardson,Melody Sally Anderson Richardson,564
284,M. Sally,Anderson Richardson,M. Sally Anderson Richardson,565
285,Shannon,Rich Esparza,Shannon Rich Esparza,566
285,Shannon,Rich E.,Shannon Rich E.,567
286,Joyce John,Nicholson Smith,Joyce John Nicholson Smith,568
286,J. John,Nicholson Smith,J. John Nicholson Smith,569
287,Reginald Charles Paul,Ford,Reginald Charles Paul Ford,570
287,R. Charles Paul,Ford,R. Charles Paul Ford,571
288,Amanda Loretta,Rodriguez White,Amanda Loretta Rodriguez White,572
288,Amanda Loretta,Rodriguez W.,Amanda Loretta Rodriguez W.,573
289,James Mark Logan,Davies,James Mark Logan Davies,574
289,James Mark Logan,Davies,James Mark Logan Davies,575
290,Joshua Benjamin Eric,Harrison,Joshua Benjamin Eric Harrison,576
290,oJ. Benjzmih Eric,yH,oJ. Benjzmih Eric yH,577
291,Bryan Lindsey Kristine,Irwin Lewis,Bryan Lindsey Kristine Irwin Lewis,578
291,Bryan Lindsey Kristine,Iclwjn Lewxis,Bryan Lindsey Kristine Iclwjn Lewxis,579
292,Joseph Cynthia Christopher,Jones Sullivan,Joseph Cynthia Christopher Jones Sullivan,580
292,JosephwCynthia khristophl,Jones Sullivan,JosephwCynthia khristophl Jones Sullivan,581
293,Alicia Elizabeth,Green,Alicia Elizabeth Green,582
293,Alicia E.,Green,Alicia E. Green,583
294,Tabitha Kenneth James,Mcmahon,Tabitha Kenneth James Mcmahon,584
294,Tabitha Kenneth Jammes,Mcmahon,Tabitha Kenneth Jammes Mcmahon,585
295,Tammy,Kim Gaines,Tammy Kim Gaines,586
295,Tammy,Kim Gincs,Tammy Kim Gincs,587
296,James,Sharp,James Sharp,588
296,Jmezs,S,Jmezs S,589
297,Julia,Doyle Stewart,Julia Doyle Stewart,590
297,Julia,Doyle Stewart,Julia Doyle Stewart,591
298,Michelle Daniel,Cordova,Michelle Daniel Cordova,592
298,Michelle Daniel,Cordova,Michelle Daniel Cordova,593
299,Sherry Meredith,Walters Fowler,Sherry Meredith Walters Fowler,594
299,Sherry Meredith,Wealtels Fowler,Sherry Meredith Wealtels Fowler,595
300,Heather Kim,Burke,Heather Kim Burke,596
300,Heathwer dhm,Burke,Heathwer dhm Burke,597
301,Barbara Alexis Lisa,Smith,Barbara Alexis Lisa Smith,598
301,Barbara Alexis Lisa,oSmibth,Barbara Alexis Lisa oSmibth,599
302,Victor Yolanda,Gutierrez Bell,Victor Yolanda Gutierrez Bell,600
302,tVictorwYoxanda,Gutierrez B.,tVictorwYoxanda Gutierrez B.,601
303,Stephen,Brooks Tran,Stephen Brooks Tran,602
303,S.,Brooks Tran,S. Brooks Tran,603
304,Megan,Barker Kim,Megan Barker Kim,604
304,M.,Bcarker xi,M. Bcarker xi,605
305,Wanda,Shaffer,Wanda Shaffer,606
305,s.,Shaffer,s. Shaffer,607
306,Sarah Dale Karen,Hanson Gardner,Sarah Dale Karen Hanson Gardner,608
306,Sarah Dale Karen,Hanson Gardner,Sarah Dale Karen Hanson Gardner,609
307,Melissa,Lewis,Melissa Lewis,610
307,Melissa,L.,Melissa L.,611
308,Stephanie,Bell Leon,Stephanie Bell Leon,612
308,Stephanie,B. Leon,Stephanie B. Leon,613
309,Kristen Randy Sheila,Casey Romero,Kristen Randy Sheila Casey Romero,614
309,Kristen Randy S.,C. Romer,Kristen Randy S. C. Romer,615
310,Emily,Smith Stout,Emily Smith Stout,616
310,Emily,Smith S.,Emily Smith S.,617
311,Mary,Stone Figueroa,Mary Stone Figueroa,618
311,Mf.,Stone Figueroa,Mf. Stone Figueroa,619
312,John Teresa James,Newman,John Teresa James Newman,620
312,John Teresa James,Newman,John Teresa James Newman,621
313,David Daisy Tiffany,Thompson,David Daisy Tiffany Thompson,622
313,David Daisy Tifany,Thompson,David Daisy Tifany Thompson,623
314,Jennifer David David,Ray Myers,Jennifer David David Ray Myers,624
314,Jennifer David David,Ray Myers,Jennifer David David Ray Myers,625
315,James Christopher,Kim,James Christopher Kim,626
315,James Christopher,b,James Christopher b,627
316,Samantha Christian,Reyes,Samantha Christian Reyes,628
316,Samantha Christian,R.,Samantha Christian R.,629
317,Jacob Denise Jeffrey,Lee Pittman,Jacob Denise Jeffrey Lee Pittman,630
317,Jacob Dennise Jffrey,Lee Pittman,Jacob Dennise Jffrey Lee Pittman,631
318,Brett Christopher,Thomas,Brett Christopher Thomas,632
318,Brett Christopher,Thomas,Brett Christopher Thomas,633
319,Daniel Sara,Martinez Thomas,Daniel Sara Martinez Thomas,634
319,Daniel Sra,Martxinez Thomas,Daniel Sra Martxinez Thomas,635
320,Megan Roberta Jared,Garcia,Megan Roberta Jared Garcia,636
320,Megan Roberta Jared,Gabrix,Megan Roberta Jared Gabrix,637
321,Charles Grace Nicholas,Edwards,Charles Grace Nicholas Edwards,638
321,Chaflesk Grace Nicholas,Edwrtds,Chaflesk Grace Nicholas Edwrtds,639
322,Rebecca,Keller,Rebecca Keller,640
322,Rebecca,K,Rebecca K,641
323,Timothy Christina,Payne,Timothy Christina Payne,642
323,TimothyvvChristina,Payne,TimothyvvChristina Payne,643
324,James Anthony Andrew,Hunt Hernandez,James Anthony Andrew Hunt Hernandez,644
324,James AnthonymA.,Hunt Hernndei,James AnthonymA. Hunt Hernndei,645
325,Dillon Christopher Heather,Martinez Hill,Dillon Christopher Heather Martinez Hill,646
325,Dilon C. Heather,M. Hill,Dilon C. Heather M. Hill,647
326,Andrea Kelly,Mcgee,Andrea Kelly Mcgee,648
326,Andrea K.,M.,Andrea K. M.,649
327,John James Meghan,Love Hayden,John James Meghan Love Hayden,650
327,John J Meghan,Love H.,John J Meghan Love H.,651
328,Gabriel Jamie Jennifer,Hamilton Griffin,Gabriel Jamie Jennifer Hamilton Griffin,652
328,Gabriel Jamie J.,Hfzmilton Griffin,Gabriel Jamie J. Hfzmilton Griffin,653
329,Patrick,Gonzalez,Patrick Gonzalez,654
329,Patrick,Gonzalez,Patrick Gonzalez,655
330,Shannon,Preston,Shannon Preston,656
330,Siannon,Preston,Siannon Preston,657
331,Stephanie Alyssa,Sanders Wilson,Stephanie Alyssa Sanders Wilson,658
331,S. lys,Sanders Wilson,S. lys Sanders Wilson,659
332,Charles Diane Nathan,Chan Martinez,Charles Diane Nathan Chan Martinez,660
332,Charles D. Nathan,.k Martinez,Charles D. Nathan .k Martinez,661
333,Steven Laura Rachel,Hoffman,Steven Laura Rachel Hoffman,662
333,Steven Laura Rachel,Hman,Steven Laura Rachel Hman,663
334,Dakota Joshua,Franklin,Dakota Joshua Franklin,664
334,Dakota Joshua,rranklin,Dakota Joshua rranklin,665
335,Ryan Lisa James,Williams Snyder,Ryan Lisa James Williams Snyder,666
335,Ryan Lihsa oJamis,Williams Snyder,Ryan Lihsa oJamis Williams Snyder,667
336,David George,Murphy,David George Murphy,668
336,D. George,Muaephy,D. George Muaephy,669
337,Dawn,Chase Travis,Dawn Chase Travis,670
337,Dawn,Chase Travis,Dawn Chase Travis,671
338,Benjamin,Ferguson Rose,Benjamin Ferguson Rose,672
338,B.,Ferguson Rose,B. Ferguson Rose,673
339,Maria Robert,Turner Stewart,Maria Robert Turner Stewart,674
339,Maria Robert,Turer Stewat,Maria Robert Turer Stewat,675
340,Troy Brandon Kenneth,Riggs,Troy Brandon Kenneth Riggs,676
340,Troy Brandon Kenneth,Riggs,Troy Brandon Kenneth Riggs,677
341,Megan Sharon,Garcia Walker,Megan Sharon Garcia Walker,678
341,Megan Sharon,Garcia Walker,Megan Sharon Garcia Walker,679
342,Jennifer Jeremy Christopher,Ramsey Burnett,Jennifer Jeremy Christopher Ramsey Burnett,680
342,Jennifer Jeremy Christopher,Ramsey Burnett,Jennifer Jeremy Christopher Ramsey Burnett,681
343,Nicole,Williams,Nicole Williams,682
343,N.,Williams,N. Williams,683
344,Mark Cheyenne,Burnett,Mark Cheyenne Burnett,684
344,Mark Cheyenne,Burnes,Mark Cheyenne Burnes,685
345,Steven,Martinez Atkins,Steven Martinez Atkins,686
345,Steven,M. Atkins,Steven M. Atkins,687
346,Elizabeth Aimee John,Woods,Elizabeth Aimee John Woods,688
346,Ecizabeth Aimee John,Woods,Ecizabeth Aimee John Woods,689
347,Timothy Christopher,Miranda,Timothy Christopher Miranda,690
347,Timothy Christopher,Mifrdpda,Timothy Christopher Mifrdpda,691
348,Deborah Melissa Heather,Jones,Deborah Melissa Heather Jones,692
348,Debeorrahh Melissa Heawher,J.,Debeorrahh Melissa Heawher J.,693
349,Taylor,Cruz,Taylor Cruz,694
349,T.,Cruz,T. Cruz,695
350,Kathleen Willie Lawrence,Blackburn Erickson,Kathleen Willie Lawrence Blackburn Erickson,696
350,Kathleen Willies Lawrence,Blackburn Erickson,Kathleen Willies Lawrence Blackburn Erickson,697
351,Sabrina Paul,Chavez,Sabrina Paul Chavez,698
351,Sabrina Paul,C.,Sabrina Paul C.,699
352,Rodney,Parks,Rodney Parks,700
352,Rodney,Parks,Rodney Parks,701
353,Daniel Allen,Murray Adams,Daniel Allen Murray Adams,702
353,sDanig Aqlen,Murray Adams,sDanig Aqlen Murray Adams,703
354,David,Pierce Gomez,David Pierce Gomez,704
354,David,P.y Gboecz,David P.y Gboecz,705
355,William,Brown,William Brown,706
355,Wilbiiwm,B.,Wilbiiwm B.,707
356,Jessica Roberto,Carter Powell,Jessica Roberto Carter Powell,708
356,essca Rodbertco,Cter Powll,essca Rodbertco Cter Powll,709
357,Erin,Lucas,Erin Lucas,710
357,Erin,ecLudcs,Erin ecLudcs,711
358,Barbara,Allen,Barbara Allen,712
358,Barbara,k.,Barbara k.,713
359,Richard Philip Jeffrey,Holloway,Richard Philip Jeffrey Holloway,714
359,Richard Philip Jeffrey,.,Richard Philip Jeffrey .,715
360,Dana,Mccarthy,Dana Mccarthy,716
360,D.,Mucarhy,D. Mucarhy,717
361,Rebecca Christy Jocelyn,Phelps Watts,Rebecca Christy Jocelyn Phelps Watts,718
361,Rebeccaa hristy Jocielyn,Phelps xatts,Rebeccaa hristy Jocielyn Phelps xatts,719
362,Jacob,Yoder Thomas,Jacob Yoder Thomas,720
362,J.,Y. Thomas,J. Y. Thomas,721
363,Andrew Terri,Ibarra,Andrew Terri Ibarra,722
363,Andrew Terri,Ibarra,Andrew Terri Ibarra,723
364,Michael Thomas,Smith Marks,Michael Thomas Smith Marks,724
364,Michael Thomas,Smith Marks,Michael Thomas Smith Marks,725
365,Erin,Roberts,Erin Roberts,726
365,Erin,R.,Erin R.,727
366,Dwayne Clifford,Torres Fitzgerald,Dwayne Clifford Torres Fitzgerald,728
366,Dwayne Clifford,zorrls Fitzgeald,Dwayne Clifford zorrls Fitzgeald,729
367,Jonathan Tom Michael,Smith,Jonathan Tom Michael Smith,730
367,J. Tom Michael,f,J. Tom Michael f,731
368,Kim Melody,Barrera Larson,Kim Melody Barrera Larson,732
368,Kim M.,Barrera Larson,Kim M. Barrera Larson,733
369,Danielle,Hernandez Jenkins,Danielle Hernandez Jenkins,734
369,Daiellj,H. Jenkins,Daiellj H. Jenkins,735
370,Tyler,Sanchez Figueroa,Tyler Sanchez Figueroa,736
370,Tyler,Sanchez Figueroa,Tyler Sanchez Figueroa,737
371,Samantha Nicholas Daniel,Hill,Samantha Nicholas Daniel Hill,738
371,Samantha Nicholas Daniel,Hill,Samantha Nicholas Daniel Hill,739
372,Gregory Renee Michael,Rivera,Gregory Renee Michael Rivera,740
372,GregorwuRenhe Mrchael,Rivera,GregorwuRenhe Mrchael Rivera,741
373,Bethany Jacqueline,Flowers,Bethany Jacqueline Flowers,742
373,Bethany Jacqueline,Flowers,Bethany Jacqueline Flowers,743
374,Tammy,Sparks,Tammy Sparks,744
374,Tammy,S.,Tammy S.,745
375,Dylan,Becker Mills,Dylan Becker Mills,746
375,Dwxyn,Becker ills,Dwxyn Becker ills,747
376,Tommy,Brown,Tommy Brown,748
376,Tommy,Brkwg,Tommy Brkwg,749
377,Margaret David Tracy,Smith,Margaret David Tracy Smith,750
377,M. ngvid Trcy,uSmith,M. ngvid Trcy uSmith,751
378,Devin Natasha,Glover,Devin Natasha Glover,752
378,Devin Natasha,Glover,Devin Natasha Glover,753
379,Jennifer Douglas,Quinn,Jennifer Douglas Quinn,754
379,Jennafer Douglfs,Qxianl,Jennafer Douglfs Qxianl,755
380,Antonio Sarah John,Gregory Hughes,Antonio Sarah John Gregory Hughes,756
380,Antonio Sarah John,Gregory Hughes,Antonio Sarah John Gregory Hughes,757
381,Samantha,Harper Thompson,Samantha Harper Thompson,758
381,Sacantha,Harper Thompson,Sacantha Harper Thompson,759
382,Donald,Saunders,Donald Saunders,760
382,Dy,nSafndees,Dy nSafndees,761
383,Kevin,Evans Ho,Kevin Evans Ho,762
383,K.,vans H,K. vans H,763
384,Cody,Rose,Cody Rose,764
384,Cody,R.,Cody R.,765
385,Michael Steven Suzanne,Murray Gaines,Michael Steven Suzanne Murray Gaines,766
385,Michael S. Suzanne,Murray Gaines,Michael S. Suzanne Murray Gaines,767
386,Katelyn Christina Kevin,Sanchez,Katelyn Christina Kevin Sanchez,768
386,Katelyn Christina K.,Sf.,Katelyn Christina K. Sf.,769
387,Brian Megan,Martinez,Brian Megan Martinez,770
387,B. Megan,Martkn,B. Megan Martkn,771
388,Mary,Miller Nelson,Mary Miller Nelson,772
388,Mary,Miller Nelson,Mary Miller Nelson,773
389,Timothy Mark,Brown Yang,Timothy Mark Brown Yang,774
389,T. Mark,B. Yang,T. Mark B. Yang,775
390,Douglas,Yang Simpson,Douglas Yang Simpson,776
390,Douglas,Yang Simpson,Douglas Yang Simpson,777
391,Kevin Larry,Hays Smith,Kevin Larry Hays Smith,778
391,K. Larry,HaysSmith,K. Larry HaysSmith,779
392,Aaron,Munoz,Aaron Munoz,780
392,Aaron,M.,Aaron M.,781
393,Dale Angel,Wagner,Dale Angel Wagner,782
393,Dale Angel,Wagner,Dale Angel Wagner,783
394,Timothy Jack Jimmy,Abbott,Timothy Jack Jimmy Abbott,784
394,T. Jack Jimmy,Abbott,T. Jack Jimmy Abbott,785
395,Christina,Reynolds Fields,Christina Reynolds Fields,786
395,Christina,Reynolds Fields,Christina Reynolds Fields,787
396,John,Hunt,John Hunt,788
396,J.,Hunt,J. Hunt,789
397,Craig Brianna,Richardson,Craig Brianna Richardson,790
397,C. Brianna,R.,C. Brianna R.,791
398,Steven Lisa,Hernandez Campbell,Steven Lisa Hernandez Campbell,792
398,Steven Lisa,Hernandez Campbll,Steven Lisa Hernandez Campbll,793
399,Kevin,Brewer,Kevin Brewer,794
399,K.,Brewer,K. Brewer,795
400,Taylor Jennifer,Hill Holden,Taylor Jennifer Hill Holden,796
400,bnaylorJf,H. Holden,bnaylorJf H. Holden,797
401,Michael Jasmin,Myers Brown,Michael Jasmin Myers Brown,798
401,Micohael Jasi,Myers B.,Micohael Jasi Myers B.,799
402,Jennifer,Buchanan Ramirez,Jennifer Buchanan Ramirez,800
402,Jennifer,Buchanan Ramirez,Jennifer Buchanan Ramirez,801
403,Timothy Sydney Catherine,White,Timothy Sydney Catherine White,802
403,T. Sydney Catherine,White,T. Sydney Catherine White,803
404,Heidi,Chapman Carpenter,Heidi Chapman Carpenter,804
404,Heidi,Chapman Careoter,Heidi Chapman Careoter,805
405,Erik Colin Daniel,Villa Alvarez,Erik Colin Daniel Villa Alvarez,806
405,Erik Colin Daniel,Villa Alvaoevz,Erik Colin Daniel Villa Alvaoevz,807
406,Daniel,Gilmore,Daniel Gilmore,808
406,Daniel,Giemlmxore,Daniel Giemlmxore,809
407,Bryan,King Johnson,Bryan King Johnson,810
407,Bryan,King Johnson,Bryan King Johnson,811
408,Sandra Manuel Holly,Gray,Sandra Manuel Holly Gray,812
408,Sandra Manzdel H.,Gray,Sandra Manzdel H. Gray,813
409,Erika Jeremiah,Harmon Hamilton,Erika Jeremiah Harmon Hamilton,814
409,Erika J.,Harmon Hamilton,Erika J. Harmon Hamilton,815
410,Susan,Davis Johnson,Susan Davis Johnson,816
410,S.,Davis Johnson,S. Davis Johnson,817
411,Ashley,Lin Peterson,Ashley Lin Peterson,818
411,A.,Lin Peterson,A. Lin Peterson,819
412,James Jared,Carey,James Jared Carey,820
412,Jame Jared,o.,Jame Jared o.,821
413,Laurie,Gonzales Garrett,Laurie Gonzales Garrett,822
413,Lnlrpie,Gonzales Garrett,Lnlrpie Gonzales Garrett,823
414,Kenneth David Jerry,Guzman,Kenneth David Jerry Guzman,824
414,Kenneth David Jerry,Guzman,Kenneth David Jerry Guzman,825
415,Sandra John,Warner Jones,Sandra John Warner Jones,826
415,Sandra John,WarnerJnas,Sandra John WarnerJnas,827
416,Barbara Melissa,Frederick Porter,Barbara Melissa Frederick Porter,828
416,Barbara Melissa,F. Porter,Barbara Melissa F. Porter,829
417,Brandi,Giles Mercer,Brandi Giles Mercer,830
417,B.,Giles Mercer,B. Giles Mercer,831
418,Pamela Brian James,Montoya Rivera,Pamela Brian James Montoya Rivera,832
418,Pamela Brian J.,M. Rivera,Pamela Brian J. M. Rivera,833
419,Rebecca Jacqueline Kathy,Johnson,Rebecca Jacqueline Kathy Johnson,834
419,Rebecca Jacqueline Kathy,Johnson,Rebecca Jacqueline Kathy Johnson,835
420,Cheyenne Christopher Andrea,Potts,Cheyenne Christopher Andrea Potts,836
420,C. Christopher Andrea,Potts,C. Christopher Andrea Potts,837
421,William Debra,Reynolds,William Debra Reynolds,838
421,William D.,Reynolds,William D. Reynolds,839
422,Andrew,Brown,Andrew Brown,840
422,Andrew,B.,Andrew B.,841
423,Frances,Smith Olson,Frances Smith Olson,842
423,,Smith Ol, Smith Ol,843
424,Jacqueline Andrea Darrell,Wilson Gilbert,Jacqueline Andrea Darrell Wilson Gilbert,844
424,Jacqueline Andrea D.,Wilson Gilbert,Jacqueline Andrea D. Wilson Gilbert,845
425,John Christopher,Smith Gutierrez,John Christopher Smith Gutierrez,846
425,John C.,Smith Gtierrelq,John C. Smith Gtierrelq,847
426,John,Brown,John Brown,848
426,J.,Brown,J. Brown,849
427,Bradley Michael,Rios Sanchez,Bradley Michael Rios Sanchez,850
427,Bradley Michael,Rios Sanchez,Bradley Michael Rios Sanchez,851
428,David,Jones,David Jones,852
428,D.,Jones,D. Jones,853
429,Jill Michael,Herman,Jill Michael Herman,854
429,Jill Michael,H,Jill Michael H,855
430,Kimberly Kelly,Valdez,Kimberly Kelly Valdez,856
430,Kimberuly zK.,qaldz,Kimberuly zK. qaldz,857
431,Brian,Mccullough,Brian Mccullough,858
431,B.,Mcculagh,B. Mcculagh,859
432,Maureen,Meyer Torres,Maureen Meyer Torres,860
432,Maureen,Meyer Torres,Maureen Meyer Torres,861
433,Barry,Young Alexander,Barry Young Alexander,862
433,Barry,Young Alexander,Barry Young Alexander,863
434,Joseph Brianna Kevin,Hanna,Joseph Brianna Kevin Hanna,864
434,Joseph Brianna K.,yH.,Joseph Brianna K. yH.,865
435,Tyler,Roy,Tyler Roy,866
435,Tyler,Roy,Tyler Roy,867
436,Jack Ryan,Williams Torres,Jack Ryan Williams Torres,868
436,Jack Ryan,Williams Torres,Jack Ryan Williams Torres,869
437,Patricia Sandra,Solomon Patrick,Patricia Sandra Solomon Patrick,870
437,Patricia Sandra,Solomon Patrick,Patricia Sandra Solomon Patrick,871
438,Ryan Ronald Jessica,Moss,Ryan Ronald Jessica Moss,872
438,Ryan Ronald Jessica,M.,Ryan Ronald Jessica M.,873
439,Stephanie Sarah Karl,Ritter,Stephanie Sarah Karl Ritter,874
439,Stephanie S. Karl,Ritter,Stephanie S. Karl Ritter,875
440,Jordan,Horne Mcdonald,Jordan Horne Mcdonald,876
440,Jovgdan,Horne Mcdonald,Jovgdan Horne Mcdonald,877
441,Lauren Stephanie,Miller Wright,Lauren Stephanie Miller Wright,878
441,Lauren Stephanie,M. Wright,Lauren Stephanie M. Wright,879
442,Michael,Hopkins Patton,Michael Hopkins Patton,880
442,Mxizchhfael,Hopkins Patton,Mxizchhfael Hopkins Patton,881
443,Melanie Scott,Smith,Melanie Scott Smith,882
443,Melanie Scott,Smith,Melanie Scott Smith,883
444,Dana Angela Ricky,Riley Miller,Dana Angela Ricky Riley Miller,884
444,Dana Angela Ricky,Rile Miller,Dana Angela Ricky Rile Miller,885
445,Katie Joshua,Booth Martinez,Katie Joshua Booth Martinez,886
445,K. Johsua,Booth Martinez,K. Johsua Booth Martinez,887
446,Danny Benjamin Gabrielle,Valencia Riley,Danny Benjamin Gabrielle Valencia Riley,888
446,Danny Benjamin Gabrielle,Vylencia Rily,Danny Benjamin Gabrielle Vylencia Rily,889
447,Stephanie,Braun,Stephanie Braun,890
447,S.,B.,S. B.,891
448,Amber,Williams,Amber Williams,892
448,Aheir,Williams,Aheir Williams,893
449,Scott William Joel,Nguyen Watson,Scott William Joel Nguyen Watson,894
449,Scott William Joekl,Nguyen Watson,Scott William Joekl Nguyen Watson,895
450,Angel,Lawson Ward,Angel Lawson Ward,896
450,,Lawson Ward, Lawson Ward,897
451,Christy,Martin,Christy Martin,898
451,Christy,jM.,Christy jM.,899
452,Anthony Chelsea,Morton Dixon,Anthony Chelsea Morton Dixon,900
452,Anthony Chelsea,M. Dixon,Anthony Chelsea M. Dixon,901
453,Nicholas,Aguilar Sandoval,Nicholas Aguilar Sandoval,902
453,Nicphklas,Aguilar Sandoval,Nicphklas Aguilar Sandoval,903
454,Stephanie Susan Victoria,Cunningham Cuevas,Stephanie Susan Victoria Cunningham Cuevas,904
454,Stephanie Susan Victoria,Cunningham Cuevas,Stephanie Susan Victoria Cunningham Cuevas,905
455,Lauren Catherine Donna,Meyer Stewart,Lauren Catherine Donna Meyer Stewart,906
455,Lauren C. Donna,Meytrh S,Lauren C. Donna Meytrh S,907
456,Mark Lauren Tiffany,Hall,Mark Lauren Tiffany Hall,908
456,Mark Lauren Tiffany,Hall,Mark Lauren Tiffany Hall,909
457,Sean Susan,Ortiz,Sean Susan Ortiz,910
457,Sean Susan,Ori,Sean Susan Ori,911
458,Robin,Valdez,Robin Valdez,912
458,Robin,Valdez,Robin Valdez,913
459,Sara,Sanchez Blankenship,Sara Sanchez Blankenship,914
459,wSar,Sanchez Bankefhip,wSar Sanchez Bankefhip,915
460,Matthew,Wilson Ortiz,Matthew Wilson Ortiz,916
460,Mattew,Wilson Ortiz,Mattew Wilson Ortiz,917
461,Rachel Nancy Alexis,Martinez,Rachel Nancy Alexis Martinez,918
461,Rachel N. Alexis,Mrtine,Rachel N. Alexis Mrtine,919
462,Julia David,Johnson,Julia David Johnson,920
462,Julia David,Johnson,Julia David Johnson,921
463,David,Camacho,David Camacho,922
463,David,eC.,David eC.,923
464,Heidi,Allen,Heidi Allen,924
464,hHfido,ellen,hHfido ellen,925
465,Brittany,Jensen Mcknight,Brittany Jensen Mcknight,926
465,Brittany,Jensen Mcknight,Brittany Jensen Mcknight,927
466,Renee Crystal Joy,Graham Todd,Renee Crystal Joy Graham Todd,928
466,Renee Crystal Joy,Graham Todd,Renee Crystal Joy Graham Todd,929
467,Christopher Paula Brittney,Wood Banks,Christopher Paula Brittney Wood Banks,930
467,Christopher Paula Brittney,Wood Banks,Christopher Paula Brittney Wood Banks,931
468,Brianna Shirley,Davis,Brianna Shirley Davis,932
468,Brianna Shirley,D,Brianna Shirley D,933
469,Phyllis Bethany,Anthony Simmons,Phyllis Bethany Anthony Simmons,934
469,P. Bethany,A. Simmons,P. Bethany A. Simmons,935
470,Bobby Sierra Nicole,Simon,Bobby Sierra Nicole Simon,936
470,Bobby Sierra Nicole,Simon,Bobby Sierra Nicole Simon,937
471,Leonard Michael,Martin Roberts,Leonard Michael Martin Roberts,938
471,Leonard Michael,ol Roberts,Leonard Michael ol Roberts,939
472,Sheila Jordan,Obrien Rodriguez,Sheila Jordan Obrien Rodriguez,940
472,Sheila J.,Obrien Rodriguez,Sheila J. Obrien Rodriguez,941
473,Jamie Mary,Fischer,Jamie Mary Fischer,942
473,Jawmie Mary,F.,Jawmie Mary F.,943
474,Amanda,Lee,Amanda Lee,944
474,Amanda,Lee,Amanda Lee,945
475,Juan Stacie,Simmons Wallace,Juan Stacie Simmons Wallace,946
475,Juan Stacie,Simmons Wallace,Juan Stacie Simmons Wallace,947
476,Jennifer Samantha David,Oneal,Jennifer Samantha David Oneal,948
476,Jennifer Samantha David,Oneal,Jennifer Samantha David Oneal,949
477,Jessica Darren Michael,Miller,Jessica Darren Michael Miller,950
477,Jessica Darren Michael,M.,Jessica Darren Michael M.,951
478,William Joshua Crystal,Hunt Waters,William Joshua Crystal Hunt Waters,952
478,W Joshua rystal,Hunt W.,W Joshua rystal Hunt W.,953
479,Sarah,Bauer Stewart,Sarah Bauer Stewart,954
479,Sarah,xur Stewart,Sarah xur Stewart,955
480,Courtney John,Willis,Courtney John Willis,956
480,C. John,Wiilrvlis,C. John Wiilrvlis,957
481,Edward Lisa,Gross,Edward Lisa Gross,958
481,Edward Lisa,Gross,Edward Lisa Gross,959
482,Stephanie Mercedes Kara,Smith,Stephanie Mercedes Kara Smith,960
482,Sj. Mercdes Karma,Smith,Sj. Mercdes Karma Smith,961
483,Jennifer Benjamin Hailey,Austin,Jennifer Benjamin Hailey Austin,962
483,Jennifer Benjamin Hailey,Ax,Jennifer Benjamin Hailey Ax,963
484,Stephanie Natalie,Pittman Golden,Stephanie Natalie Pittman Golden,964
484,ltbppanie Natnlie,P. noldmn,ltbppanie Natnlie P. noldmn,965
485,Amy,Phillips Robinson,Amy Phillips Robinson,966
485,A.,Phillips Robinson,A. Phillips Robinson,967
486,Elaine,Wilson,Elaine Wilson,968
486,E.,.,E. .,969
487,Heidi Janet,Ayala,Heidi Janet Ayala,970
487,Heidi J.,Ayala,Heidi J. Ayala,971
488,Robert Jimmy Kelly,Romero Wu,Robert Jimmy Kelly Romero Wu,972
488,Robert Jimmy Kelly,R. Wu,Robert Jimmy Kelly R. Wu,973
489,Emily,Jenkins,Emily Jenkins,974
489,Emily,Jejndins,Emily Jejndins,975
490,Joseph Jessica Matthew,Cardenas,Joseph Jessica Matthew Cardenas,976
490,Joseph Jessica Matthew,C.,Joseph Jessica Matthew C.,977
491,Amanda,Chan,Amanda Chan,978
491,Amalj,C.,Amalj C.,979
492,Mark Cassidy,Smith Bowen,Mark Cassidy Smith Bowen,980
492,Mark Cassidy,dmith B.,Mark Cassidy dmith B.,981
493,Katie Angela,Pena,Katie Angela Pena,982
493,K. Angela,P.,K. Angela P.,983
494,Randall Jennifer Kelly,Martin Brooks,Randall Jennifer Kelly Martin Brooks,984
494,Randall Jennifer Kelly,artiB.,Randall Jennifer Kelly artiB.,985
495,Barry Andrew,Bentley Garcia,Barry Andrew Bentley Garcia,986
495,Barry A.,Bentley Garcia,Barry A. Bentley Garcia,987
496,Kevin Jerry,Barton Wright,Kevin Jerry Barton Wright,988
496,Kevin J.,Barton Wright,Kevin J. Barton Wright,989
497,Diana David Joy,Nelson,Diana David Joy Nelson,990
497,D. David Joy,Nelson,D. David Joy Nelson,991
498,Jade Jessica,Smith,Jade Jessica Smith,992
498,J. Jessica,S.,J. Jessica S.,993
499,Brianna Peter Marie,Villarreal,Brianna Peter Marie Villarreal,994
499,Brianna Peter Marie,Villarreal,Brianna Peter Marie Villarreal,995
500,Joshua James Joseph,Douglas Ruiz,Joshua James Joseph Douglas Ruiz,996
500,Joshua Jamess Josqpgh,D. Ruiz,Joshua Jamess Josqpgh D. Ruiz,997
542,Hensley,Carlos,Hensley Carlos,998
527,Collins,James,Collins James,999
536,Brent,Kidd,Brent Kidd,1000
523,Koch,Sarah,Koch Sarah,1001
523,Sarah,Koch,Sarah Koch,1002
520,Chavez,Ryan,Chavez Ryan,1003
512,Steven,Nelson,Steven Nelson,1004
541,Eric,Yu,Eric Yu,1005
506,Christopher,Davis,Christopher Davis,1006
501,Danielle,Johnson,Danielle Johnson,1007
510,Mary,Martin,Mary Martin,1008
516,Reginald,Robinson,Reginald Robinson,1009
537,Olson,Richard,Olson Richard,1010
517,Rodriguez,Brandon,Rodriguez Brandon,1011
546,Albert,Howell,Albert Howell,1012
503,Clayton,Hall,Clayton Hall,1013
539,Wendy,Peters,Wendy Peters,1014
539,Peters,Wendy,Peters Wendy,1015
507,Stephen,Martinez,Stephen Martinez,1016
516,Robinson,Reginald,Robinson Reginald,1017
528,Brown,John,Brown John,1018
545,Joseph,Anderson,Joseph Anderson,1019
514,Nancy,Edwards,Nancy Edwards,1020
522,Nathaniel,Martin,Nathaniel Martin,1021
535,Leblanc,John,Leblanc John,1022
508,Hensley,Christine,Hensley Christine,1023
521,William,Rodriguez,William Rodriguez,1024
549,Alan,Montoya,Alan Montoya,1025
505,Peterson,Helen,Peterson Helen,1026
537,Richard,Olson,Richard Olson,1027
506,Davis,Christopher,Davis Christopher,1028
524,Miller,Stacey,Miller Stacey,1029
543,Williams,Beth,Williams Beth,1030
515,Joseph,Wright,Joseph Wright,1031
547,Bailey,David,Bailey David,1032
503,Hall,Clayton,Hall Clayton,1033
534,John,Lee,John Lee,1034
533,Lucas,Denise,Lucas Denise,1035
518,Ferrell,Patrick,Ferrell Patrick,1036
509,Tracie,Wyatt,Tracie Wyatt,1037
525,Anderson,Katie,Anderson Katie,1038
518,Patrick,Ferrell,Patrick Ferrell,1039
504,Cole,Robert,Cole Robert,1040
548,Bass,Eric,Bass Eric,1041
514,Edwards,Nancy,Edwards Nancy,1042
510,Martin,Mary,Martin Mary,1043
541,Yu,Eric,Yu Eric,1044
513,Johnson,Jeremy,Johnson Jeremy,1045
532,Donna,Gomez,Donna Gomez,1046
507,Martinez,Stephen,Martinez Stephen,1047
513,Jeremy,Johnson,Jeremy Johnson,1048
502,Mcclain,Erica,Mcclain Erica,1049
509,Wyatt,Tracie,Wyatt Tracie,1050
520,Ryan,Chavez,Ryan Chavez,1051
505,Helen,Peterson,Helen Peterson,1052
540,Beth,Daniels,Beth Daniels,1053
504,Robert,Cole,Robert Cole,1054
533,Denise,Lucas,Denise Lucas,1055
519,Jennifer,Maldonado,Jennifer Maldonado,1056
545,Anderson,Joseph,Anderson Joseph,1057
529,Jeffrey,Jones,Jeffrey Jones,1058
550,Preston,Joseph,Preston Joseph,1059
528,John,Brown,John Brown,1060
522,Martin,Nathaniel,Martin Nathaniel,1061
526,Monique,Henderson,Monique Henderson,1062
534,Lee,John,Lee John,1063
524,Stacey,Miller,Stacey Miller,1064
535,John,Leblanc,John Leblanc,1065
531,Sanchez,Barbara,Sanchez Barbara,1066
549,Montoya,Alan,Montoya Alan,1067
540,Daniels,Beth,Daniels Beth,1068
521,Rodriguez,William,Rodriguez William,1069
530,Chad,Young,Chad Young,1070
525,Katie,Anderson,Katie Anderson,1071
550,Joseph,Preston,Joseph Preston,1072
529,Jones,Jeffrey,Jones Jeffrey,1073
538,Baker,Tricia,Baker Tricia,1074
517,Brandon,Rodriguez,Brandon Rodriguez,1075
548,Eric,Bass,Eric Bass,1076
530,Young,Chad,Young Chad,1077
532,Gomez,Donna,Gomez Donna,1078
543,Beth,Williams,Beth Williams,1079
519,Maldonado,Jennifer,Maldonado Jennifer,1080
515,Wright,Joseph,Wright Joseph,1081
501,Johnson,Danielle,Johnson Danielle,1082
527,James,Collins,James Collins,1083
511,Lynch,Deborah,Lynch Deborah,1084
502,Erica,Mcclain,Erica Mcclain,1085
512,Nelson,Steven,Nelson Steven,1086
544,Donovan,Alexandra,Donovan Alexandra,1087
546,Howell,Albert,Howell Albert,1088
538,Tricia,Baker,Tricia Baker,1089
544,Alexandra,Donovan,Alexandra Donovan,1090
542,Carlos,Hensley,Carlos Hensley,1091
511,Deborah,Lynch,Deborah Lynch,1092
531,Barbara,Sanchez,Barbara Sanchez,1093
536,Kidd,Brent,Kidd Brent,1094
508,Christine,Hensley,Christine Hensley,1095
547,David,Bailey,David Bailey,1096
526,Henderson,Monique,Henderson Monique,1097
796,Derek,Paul,Derek Paul,1098
1009,d,Wziuliakun,d Wziuliakun,1099
1067,Nancy,Colon,Nancy Colon,1100
897,A.,Jones,A. Jones,1101
1999,Bandon,Underwood,Bandon Underwood,1102
1039,Mitchell,Young,Mitchell Young,1103
845,Mhattsew,Bzke,Mhattsew Bzke,1104
748,Rachjqefrl,Vnasquz,Rachjqefrl Vnasquz,1105
1035,D.,Navarro,D. Navarro,1106
687,Diana,Colon,Diana Colon,1107
1095,B.,Holt,B. Holt,1108
627,Christopher,Perez,Christopher Perez,1109
623,C.,Downs,C. Downs,1110
1184,Justin,Kent,Justin Kent,1111
974,yeMeeissu,Davis,yeMeeissu Davis,1112
948,Timothy,Valenzuela,Timothy Valenzuela,1113
831,Matthew,Marquez,Matthew Marquez,1114
1144,Dustin,Brennan,Dustin Brennan,1115
758,Deyniw,Alvarado,Deyniw Alvarado,1116
862,Michael,Schmidt,Michael Schmidt,1117
972,Kevin,Mooney,Kevin Mooney,1118
725,Alex,Blair,Alex Blair,1119
788,Joshua,kPage,Joshua kPage,1120
963,Mary,Berry,Mary Berry,1121
761,Judith,Juarez,Judith Juarez,1122
786,Carl,Thomas,Carl Thomas,1123
652,Desiree,Fowler,Desiree Fowler,1124
1007,Laureyyr,Robertzd,Laureyyr Robertzd,1125
1030,M.,Salas,M. Salas,1126
1170,Michael,Mendoza,Michael Mendoza,1127
876,Matthew,Mcfarland,Matthew Mcfarland,1128
690,Sarah,Waters,Sarah Waters,1129
678,Mary,Contreras,Mary Contreras,1130
950,Nancy,Bass,Nancy Bass,1131
891,Wendy,Werner,Wendy Werner,1132
749,Brandi,Moore,Brandi Moore,1133
1044,Hannah,White,Hannah White,1134
618,Larry,Bell,Larry Bell,1135
1150,Thomas,Holden,Thomas Holden,1136
610,William,Mason,William Mason,1137
868,Emily,Mcgee,Emily Mcgee,1138
647,Craig,Turner,Craig Turner,1139
857,Henry,Vazquez,Henry Vazquez,1140
697,M.,Mayer,M. Mayer,1141
850,John,Rush,John Rush,1142
828,Tammy,Pacheco,Tammy Pacheco,1143
700,J.,Brooks,J. Brooks,1144
586,Critina,Kenydy,Critina Kenydy,1145
699,Daniel,Munoz,Daniel Munoz,1146
786,rl,Tmfas,rl Tmfas,1147
987,Patricia,Cruz,Patricia Cruz,1148
1140,Darren,Golden,Darren Golden,1149
812,Amanda,Williams,Amanda Williams,1150
992,Sarah,Bennett,Sarah Bennett,1151
574,Sara,Bradley,Sara Bradley,1152
581,Aaron,Walker,Aaron Walker,1153
741,Vanessa,Arroyo,Vanessa Arroyo,1154
561,Lisa,Harmon,Lisa Harmon,1155
1870,Emsils,Harmon,Emsils Harmon,1156
1045,Marissa,Taylor,Marissa Taylor,1157
847,Mary,Gonzalez,Mary Gonzalez,1158
605,Dennis,Ferguson,Dennis Ferguson,1159
812,Amanda,Williams,Amanda Williams,1160
760,Tracy,Walters,Tracy Walters,1161
708,Stephanie,Lopez,Stephanie Lopez,1162
587,M.,Welch,M. Welch,1163
615,R.,Jackson,R. Jackson,1164
1128,Steven,Williams,Steven Williams,1165
621,Scott,Jacobs,Scott Jacobs,1166
972,Kevin,Mooney,Kevin Mooney,1167
658,Kathy,Estrada,Kathy Estrada,1168
888,D.,Arnold,D. Arnold,1169
999,Jamie,Jones,Jamie Jones,1170
970,Joseph,Gibbs,Joseph Gibbs,1171
843,Jeffrey,Crawford,Jeffrey Crawford,1172
840,Christopher,Gregory,Christopher Gregory,1173
796,D.,Paul,D. Paul,1174
590,Sarah,Norton,Sarah Norton,1175
640,Jerry,Stafford,Jerry Stafford,1176
640,J.,Stafford,J. Stafford,1177
851,son,Wvlfe,son Wvlfe,1178
617,Shannon,Cordova,Shannon Cordova,1179
826,Kimberly,Bradley,Kimberly Bradley,1180
618,Larry,Bell,Larry Bell,1181
861,James,Herman,James Herman,1182
832,Denise,Johnson,Denise Johnson,1183
551,Charles,Davis,Charles Davis,1184
1055,Patricia,York,Patricia York,1185
564,C.,Hayes,C. Hayes,1186
1886,ikson,Davis,ikson Davis,1187
779,Susan,Morrow,Susan Morrow,1188
926,Gabriel,Mckenzie,Gabriel Mckenzie,1189
905,J.,Rodriguez,J. Rodriguez,1190
769,Lynn,Mack,Lynn Mack,1191
1091,Kelsey,Thomas,Kelsey Thomas,1192
713,Stephanie,Campbell,Stephanie Campbell,1193
1079,Nicholas,Johnson,Nicholas Johnson,1194
639,Chad,Smith,Chad Smith,1195
614,Andrea,Walker,Andrea Walker,1196
1109,Richard,Flowers,Richard Flowers,1197
1057,Amy,Barker,Amy Barker,1198
878,Ashley,Bailey,Ashley Bailey,1199
712,Linda,Davis,Linda Davis,1200
807,Jesse,Allen,Jesse Allen,1201
1020,Timothy,Collins,Timothy Collins,1202
1023,Wayne,Johnson,Wayne Johnson,1203
903,David,Harrison,David Harrison,1204
620,Lisa,Burke,Lisa Burke,1205
719,Brian,Espinoza,Brian Espinoza,1206
783,John,Alexander,John Alexander,1207
903,Dlvdd,Halrrison,Dlvdd Halrrison,1208
1008,D.,Harris,D. Harris,1209
1192,Tonya,Brown,Tonya Brown,1210
1103,Deanna,Macias,Deanna Macias,1211
637,Jennifer,Padilla,Jennifer Padilla,1212
918,Joshua,Hopkins,Joshua Hopkins,1213
735,Michael,Medina,Michael Medina,1214
1186,Louis,Ward,Louis Ward,1215
968,Becky,Thomas,Becky Thomas,1216
845,Matthew,Baker,Matthew Baker,1217
1118,Abigail,Brown,Abigail Brown,1218
846,A.,Raymond,A. Raymond,1219
976,M.,Krause,M. Krause,1220
811,Mark,Patterson,Mark Patterson,1221
788,Joshua,Page,Joshua Page,1222
980,Kevin,Jones,Kevin Jones,1223
821,W.,Allen,W. Allen,1224
922,Joseph,Davis,Joseph Davis,1225
1131,Gary,James,Gary James,1226
1046,A.,Powell,A. Powell,1227
689,Harold,Williams,Harold Williams,1228
1121,Carrie,Ramos,Carrie Ramos,1229
816,Traci,Walters,Traci Walters,1230
1006,Svephanie,Berry,Svephanie Berry,1231
964,Lisa,Perez,Lisa Perez,1232
606,Charles,Michael,Charles Michael,1233
671,Christina,Rodriguez,Christina Rodriguez,1234
766,James,Buck,James Buck,1235
576,Joseph,Patterson,Joseph Patterson,1236
623,Charles,Downs,Charles Downs,1237
595,Jason,Washington,Jason Washington,1238
798,Tracy,Hardy,Tracy Hardy,1239
1060,Mark,Carlson,Mark Carlson,1240
832,Denise,Johnson,Denise Johnson,1241
1148,Diana,Anderson,Diana Anderson,1242
630,Amand,Chen,Amand Chen,1243
1101,Jason,Harrison,Jason Harrison,1244
795,Carl,Diaz,Carl Diaz,1245
1108,Emily,Robinson,Emily Robinson,1246
617,Shannon,Cordova,Shannon Cordova,1247
1022,Carolyn,Mendoza,Carolyn Mendoza,1248
709,Melanie,Walker,Melanie Walker,1249
1185,Devin,Adams,Devin Adams,1250
916,Daniel,Bradley,Daniel Bradley,1251
1165,Dominique,Banks,Dominique Banks,1252
931,Derrick,Roth,Derrick Roth,1253
855,Christopher,Kramer,Christopher Kramer,1254
1047,Kevin,Valdez,Kevin Valdez,1255
611,Mike,Baldwin,Mike Baldwin,1256
1145,Michael,Johnson,Michael Johnson,1257
1002,Matthew,Caldwell,Matthew Caldwell,1258
2129,vCouttey,Brown,vCouttey Brown,1259
1027,Felicia,Noble,Felicia Noble,1260
1028,Jody,Huang,Jody Huang,1261
1130,Jason,Castro,Jason Castro,1262
1032,T.,Walker,T. Walker,1263
849,William,Barrett,William Barrett,1264
644,Benjahmin,Vazquez,Benjahmin Vazquez,1265
717,Cynthia,Owens,Cynthia Owens,1266
817,Bonnie,Martin,Bonnie Martin,1267
622,cmdy,Thoumas,cmdy Thoumas,1268
2010,Angexla,Garcia,Angexla Garcia,1269
1727,Michbnllle,Simpson,Michbnllle Simpson,1270
1193,Christina,Stevens,Christina Stevens,1271
702,Ls,Mayer,Ls Mayer,1272
874,S.,Romero,S. Romero,1273
805,Judy,Mccormick,Judy Mccormick,1274
810,Lisa,Vega,Lisa Vega,1275
1081,Luu,Vaughn,Luu Vaughn,1276
809,M.,Martin,M. Martin,1277
947,Shelby,Small,Shelby Small,1278
2124,Phlip,Rivera,Phlip Rivera,1279
632,S.,Anderson,S. Anderson,1280
962,Marilyn,Ponce,Marilyn Ponce,1281
1118,Abigail,Brown,Abigail Brown,1282
688,Frank,Smith,Frank Smith,1283
881,Stephen,Chavez,Stephen Chavez,1284
887,Wendy,Hodges,Wendy Hodges,1285
2262,Oliia,Blair,Oliia Blair,1286
686,Martha,Underwood,Martha Underwood,1287
843,wofcrey,Crawford,wofcrey Crawford,1288
1110,Ronald,Lee,Ronald Lee,1289
852,J.,Davis,J. Davis,1290
750,Susan,Walker,Susan Walker,1291
764,Donna,Hale,Donna Hale,1292
678,M.,Contreras,M. Contreras,1293
870,Adam,Little,Adam Little,1294
759,Lisa,Holland,Lisa Holland,1295
1012,Vincent,Lane,Vincent Lane,1296
629,Adam,Crawford,Adam Crawford,1297
580,Mary,Wilson,Mary Wilson,1298
965,Christie,White,Christie White,1299
632,S.,Anderson,S. Anderson,1300
637,Jennifer,Padilla,Jennifer Padilla,1301
1114,Katie,Brown,Katie Brown,1302
1003,Debra,Hayden,Debra Hayden,1303
716,Brian,Edwards,Brian Edwards,1304
2207,Tnenoqa,Gonzalez,Tnenoqa Gonzalez,1305
559,Carrie,Wells,Carrie Wells,1306
897,Amy,Jones,Amy Jones,1307
616,Andre,Reyes,Andre Reyes,1308
692,Krystal,Morris,Krystal Morris,1309
1161,Amanda,Price,Amanda Price,1310
1084,William,Carter,William Carter,1311
749,Brndi,cozre,Brndi cozre,1312
576,lsnph,Pattbrtsqn,lsnph Pattbrtsqn,1313
1019,J.,Hernandez,J. Hernandez,1314
800,Chad,Williamson,Chad Williamson,1315
1152,Carlos,Serrano,Carlos Serrano,1316
1052,Charles,Ray,Charles Ray,1317
853,Jacob,Hernandez,Jacob Hernandez,1318
1064,Monica,Ingram,Monica Ingram,1319
686,M.,Underwood,M. Underwood,1320
600,Jeffrey,Miller,Jeffrey Miller,1321
1149,Julie,Sanchez,Julie Sanchez,1322
553,Tasha,Meza,Tasha Meza,1323
639,Ckaha,Smin,Ckaha Smin,1324
877,Kevin,Francis,Kevin Francis,1325
1092,C.,Williams,C. Williams,1326
646,V.,Cisneros,V. Cisneros,1327
691,tdojmm,ooive,tdojmm ooive,1328
1156,fchrs,Velasquez,fchrs Velasquez,1329
939,Julie,Hutchinson,Julie Hutchinson,1330
990,James,Rivera,James Rivera,1331
584,Andrew,Porter,Andrew Porter,1332
582,Ashley,Heath,Ashley Heath,1333
782,Angela,Hall,Angela Hall,1334
845,Mtttpw,Baker,Mtttpw Baker,1335
743,Alicia,Trujillo,Alicia Trujillo,1336
871,Emily,Perry,Emily Perry,1337
554,Meredith,Gibbs,Meredith Gibbs,1338
755,Shelby,Rodriguez,Shelby Rodriguez,1339
735,M.,Medina,M. Medina,1340
1096,Robert,Castillo,Robert Castillo,1341
552,R.,Smith,R. Smith,1342
660,Katherine,Whitney,Katherine Whitney,1343
582,Ashley,Heath,Ashley Heath,1344
628,Andrew,Simpson,Andrew Simpson,1345
635,Maria,Bailey,Maria Bailey,1346
837,Steven,May,Steven May,1347
633,Destiny,Wright,Destiny Wright,1348
1194,Bryan,Leon,Bryan Leon,1349
1092,Carrie,Williams,Carrie Williams,1350
1069,T.,Nguyen,T. Nguyen,1351
848,Rachel,Miller,Rachel Miller,1352
864,Jeffrey,Conner,Jeffrey Conner,1353
622,A.,Thomas,A. Thomas,1354
1156,Zachary,Velasquez,Zachary Velasquez,1355
1160,Mariah,Carter,Mariah Carter,1356
556,Mark,Gonzalez,Mark Gonzalez,1357
797,Amanda,Hickman,Amanda Hickman,1358
2032,prneter,Davis,prneter Davis,1359
648,Brian,Thomas,Brian Thomas,1360
817,Bonnie,Martin,Bonnie Martin,1361
787,wsflph,Jones,wsflph Jones,1362
1132,Brittany,Hunt,Brittany Hunt,1363
720,R.,Thornton,R. Thornton,1364
895,Dominique,Zavala,Dominique Zavala,1365
623,Charles,Downs,Charles Downs,1366
806,Samantha,Lawrence,Samantha Lawrence,1367
1997,yara,Gibbs,yara Gibbs,1368
669,Brian,Duncan,Brian Duncan,1369
601,Lee,Brown,Lee Brown,1370
801,Andres,White,Andres White,1371
960,Taylor,Cole,Taylor Cole,1372
560,Anthony,Garcia,Anthony Garcia,1373
1762,iTyne,Gutierrez,iTyne Gutierrez,1374
563,lizabeth,Lee,lizabeth Lee,1375
632,Susan,Anderson,Susan Anderson,1376
1088,Jeffrey,Massey,Jeffrey Massey,1377
997,Henry,Vazquez,Henry Vazquez,1378
1095,Billy,Holt,Billy Holt,1379
790,Brandon,Moore,Brandon Moore,1380
841,Darren,Jones,Darren Jones,1381
762,Kristi,Johnson,Kristi Johnson,1382
1058,Alexander,Key,Alexander Key,1383
884,Frank,Drake,Frank Drake,1384
769,L.,Mack,L. Mack,1385
778,Matthew,Blair,Matthew Blair,1386
638,Anyfelsiba,Ramos,Anyfelsiba Ramos,1387
1169,Candice,Mcdonald,Candice Mcdonald,1388
848,Rachel,Miller,Rachel Miller,1389
951,Courtney,White,Courtney White,1390
933,Alexandra,Blanchard,Alexandra Blanchard,1391
885,Andrea,Keith,Andrea Keith,1392
922,J.,Davis,J. Davis,1393
991,G.,Salazar,G. Salazar,1394
915,Michele,Myers,Michele Myers,1395
558,Christopher,Thompson,Christopher Thompson,1396
706,Alyssa,Brown,Alyssa Brown,1397
971,John,Fleming,John Fleming,1398
886,Kelsiiy,dvccoh,Kelsiiy dvccoh,1399
907,S.,Pham,S. Pham,1400
913,Lee,Mclean,Lee Mclean,1401
677,Jon,Williams,Jon Williams,1402
1110,ooasld,dLexw,ooasld dLexw,1403
872,Jeremy,Brown,Jeremy Brown,1404
991,Gabriella,Salazar,Gabriella Salazar,1405
692,Krystal,Morris,Krystal Morris,1406
799,Krista,Gray,Krista Gray,1407
1001,Brandi,Martinez,Brandi Martinez,1408
965,Christie,White,Christie White,1409
995,Russell,Kelley,Russell Kelley,1410
561,L.,Harmon,L. Harmon,1411
924,David,Evans,David Evans,1412
710,Dale,Williams,Dale Williams,1413
779,Susan,Morrow,Susan Morrow,1414
879,Jerome,Brown,Jerome Brown,1415
557,Matthew,Blackwell,Matthew Blackwell,1416
763,Shane,Frey,Shane Frey,1417
630,Amanda,Chen,Amanda Chen,1418
699,Daniel,Munoz,Daniel Munoz,1419
734,Briuannoa,Rodriguez,Briuannoa Rodriguez,1420
1017,Adrian,Neal,Adrian Neal,1421
933,A.,Blanchard,A. Blanchard,1422
622,Amy,Thomas,Amy Thomas,1423
840,Christopher,Gregory,Christopher Gregory,1424
941,Susan,Walker,Susan Walker,1425
604,Samantha,West,Samantha West,1426
684,Lauren,Kennedy,Lauren Kennedy,1427
619,zxessica,Mueller,zxessica Mueller,1428
856,Richard,Brooks,Richard Brooks,1429
960,T.,Cole,T. Cole,1430
1018,Chad,Rosales,Chad Rosales,1431
551,Charles,Davis,Charles Davis,1432
859,Patricia,Miller,Patricia Miller,1433
575,D.,Ho,D. Ho,1434
637,Jennifer,Padilla,Jennifer Padilla,1435
1136,Alicia,Sanchez,Alicia Sanchez,1436
966,Wendy,Singh,Wendy Singh,1437
575,David,Ho,David Ho,1438
903,David,Harrison,David Harrison,1439
723,Carlos,Sanders,Carlos Sanders,1440
676,Jeffery,Morales,Jeffery Morales,1441
899,Ashley,Malone,Ashley Malone,1442
911,Mark,Hicks,Mark Hicks,1443
977,Phillip,Jones,Phillip Jones,1444
976,Marissa,Krause,Marissa Krause,1445
641,Louis,Trujillo,Louis Trujillo,1446
787,J.,Jones,J. Jones,1447
732,Amanda,Cordova,Amanda Cordova,1448
825,Dawn,Dennis,Dawn Dennis,1449
923,T.,Walker,T. Walker,1450
620,Lisa,Burke,Lisa Burke,1451
842,Tommy,Wolfe,Tommy Wolfe,1452
682,Tiffany,Becker,Tiffany Becker,1453
851,Jason,Wolfe,Jason Wolfe,1454
856,Richard,Brooks,Richard Brooks,1455
867,Kelly,Brooks,Kelly Brooks,1456
695,Ryan,Ewing,Ryan Ewing,1457
849,William,Barrett,William Barrett,1458
994,Christopher,Rivera,Christopher Rivera,1459
686,Martha,Underwood,Martha Underwood,1460
925,Alexander,Gibson,Alexander Gibson,1461
715,Philip,Charles,Philip Charles,1462
579,Ashley,Burns,Ashley Burns,1463
1083,Maria,Miranda,Maria Miranda,1464
744,Nicholas,Baker,Nicholas Baker,1465
622,Am,Thomas,Am Thomas,1466
1123,Marc,Davis,Marc Davis,1467
720,Rebecca,Thornton,Rebecca Thornton,1468
570,Janet,Brooks,Janet Brooks,1469
691,Adam,Rivera,Adam Rivera,1470
724,John,Best,John Best,1471
1655,Tikia,Smith,Tikia Smith,1472
728,C.,Gaines,C. Gaines,1473
714,Shanpon,ers,Shanpon ers,1474
624,David,Ruiz,David Ruiz,1475
811,qark,Pattrarson,qark Pattrarson,1476
930,Daniel,Henderson,Daniel Henderson,1477
789,Kelly,Peters,Kelly Peters,1478
696,James,Bender,James Bender,1479
1094,Jeffrey,Joseph,Jeffrey Joseph,1480
785,Melissa,Ferguson,Melissa Ferguson,1481
771,Danielle,Johnson,Danielle Johnson,1482
803,vKi,ycntsh,vKi ycntsh,1483
592,Matthew,Brock,Matthew Brock,1484
683,Joseph,Powell,Joseph Powell,1485
1071,Rebecca,Campbell,Rebecca Campbell,1486
1084,William,Carter,William Carter,1487
736,Jennifer,Rivera,Jennifer Rivera,1488
592,Matthew,Brock,Matthew Brock,1489
1046,Anthony,Powell,Anthony Powell,1490
659,Daniel,Fowler,Daniel Fowler,1491
998,Michael,Jefferson,Michael Jefferson,1492
607,Christopher,Romero,Christopher Romero,1493
617,Shannon,Cordova,Shannon Cordova,1494
759,uLy,Holland,uLy Holland,1495
1076,Sandra,James,Sandra James,1496
1198,Zoe,Cannon,Zoe Cannon,1497
575,David,Ho,David Ho,1498
934,Mark,Mills,Mark Mills,1499
867,Kelly,Brooks,Kelly Brooks,1500
609,Axam,Gkoos,Axam Gkoos,1501
967,L.,Gonzalez,L. Gonzalez,1502
1045,Marissa,Taylor,Marissa Taylor,1503
702,isa,Magygr,isa Magygr,1504
819,qMayrk,Solomon,qMayrk Solomon,1505
602,Tammie,Johnson,Tammie Johnson,1506
728,Catrmos,Gaines,Catrmos Gaines,1507
958,Sarah,Singleton,Sarah Singleton,1508
1158,Alexandra,Mason,Alexandra Mason,1509
1086,Ashley,Goodman,Ashley Goodman,1510
815,Haley,Osborne,Haley Osborne,1511
1104,Kelly,Bradley,Kelly Bradley,1512
689,Harold,Williams,Harold Williams,1513
1041,Anna,Mccarthy,Anna Mccarthy,1514
1076,Sandra,James,Sandra James,1515
675,xviel,Gztirrez,xviel Gztirrez,1516
918,Joshua,Hopkins,Joshua Hopkins,1517
569,Sarah,Dennis,Sarah Dennis,1518
2076,Christophver,Mcintosh,Christophver Mcintosh,1519
940,Joseph,Matthews,Joseph Matthews,1520
985,Brett,Ray,Brett Ray,1521
899,Ashley,Malone,Ashley Malone,1522
888,David,Arnold,David Arnold,1523
634,Christian,Salas,Christian Salas,1524
612,Darrell,Hayes,Darrell Hayes,1525
924,Dvid,Evns,Dvid Evns,1526
823,Lori,Herrera,Lori Herrera,1527
836,Lisa,Green,Lisa Green,1528
729,Melisa,Wibdhlzon,Melisa Wibdhlzon,1529
880,Sarah,Cabrera,Sarah Cabrera,1530
929,Shawn,Miles,Shawn Miles,1531
829,Sara,Porter,Sara Porter,1532
563,Elizabeth,Lee,Elizabeth Lee,1533
733,Rachel,Torres,Rachel Torres,1534
889,Megan,Hamilton,Megan Hamilton,1535
1142,Amanda,Peterson,Amanda Peterson,1536
753,Albert,Bond,Albert Bond,1537
774,Laura,Taylor,Laura Taylor,1538
1998,Msradndaa,Diaz,Msradndaa Diaz,1539
1100,glizazth,White,glizazth White,1540
592,M.,Brock,M. Brock,1541
973,Daniel,Diaz,Daniel Diaz,1542
996,Rebecca,Morgan,Rebecca Morgan,1543
1019,Jeremy,Hernandez,Jeremy Hernandez,1544
727,Nicholas,Reed,Nicholas Reed,1545
1033,Jessica,Silva,Jessica Silva,1546
1036,Eric,Hernandez,Eric Hernandez,1547
2004,Sagrah,Adams,Sagrah Adams,1548
1080,David,Sullivan,David Sullivan,1549
898,Tara,Farley,Tara Farley,1550
714,Shannon,Myers,Shannon Myers,1551
799,Krista,Gray,Krista Gray,1552
774,Lahrfa,xaylsor,Lahrfa xaylsor,1553
805,udy,Mccormick,udy Mccormick,1554
1034,James,Foster,James Foster,1555
894,Carolyn,Garcia,Carolyn Garcia,1556
906,Anne,Walker,Anne Walker,1557
625,Vincent,Rivera,Vincent Rivera,1558
664,Luke,Horton,Luke Horton,1559
765,J.,Edwards,J. Edwards,1560
1088,J.,Massey,J. Massey,1561
897,Amy,Jones,Amy Jones,1562
655,Shane,Clark,Shane Clark,1563
665,Billy,Alvarez,Billy Alvarez,1564
807,J.,Allen,J. Allen,1565
573,Jason,Davis,Jason Davis,1566
662,Kimberly,Espinoza,Kimberly Espinoza,1567
711,M.,Torres,M. Torres,1568
643,Hayley,Davis,Hayley Davis,1569
1162,Jade,Parker,Jade Parker,1570
640,Jerry,Stafford,Jerry Stafford,1571
764,Dnna,Hale,Dnna Hale,1572
815,Hazy,sborne,Hazy sborne,1573
1159,Alec,Gilbert,Alec Gilbert,1574
762,Kristi,Johnson,Kristi Johnson,1575
1005,Paul,James,Paul James,1576
579,Ashley,Burns,Ashley Burns,1577
1010,Stacy,Rosales,Stacy Rosales,1578
645,Melanie,Bradshaw,Melanie Bradshaw,1579
562,Sarah,Obrien,Sarah Obrien,1580
679,Tara,Ruiz,Tara Ruiz,1581
967,Laura,Gonzalez,Laura Gonzalez,1582
594,Emily,Ruiz,Emily Ruiz,1583
593,Meghan,Simmons,Meghan Simmons,1584
869,Zachary,May,Zachary May,1585
718,Jenna,Johnson,Jenna Johnson,1586
948,Timothy,Valenzuela,Timothy Valenzuela,1587
1014,Paul,Pearson,Paul Pearson,1588
1004,Michael,Wells,Michael Wells,1589
1075,Clayton,Schaefer,Clayton Schaefer,1590
651,Jared,Phillips,Jared Phillips,1591
914,Jessica,Knight,Jessica Knight,1592
729,Melissa,Wilson,Melissa Wilson,1593
569,kasrah,Dennis,kasrah Dennis,1594
909,Sarah,Harper,Sarah Harper,1595
2159,rConze,Blanchard,rConze Blanchard,1596
1143,Amy,Reed,Amy Reed,1597
2079,Aitron,Schmidt,Aitron Schmidt,1598
728,Carlos,Gaines,Carlos Gaines,1599
666,Joshua,Perez,Joshua Perez,1600
1136,A.,Sanchez,A. Sanchez,1601
582,Ashley,Heath,Ashley Heath,1602
1176,Ryan,Anderson,Ryan Anderson,1603
838,James,Sullivan,James Sullivan,1604
802,E.,Rojas,E. Rojas,1605
763,S.,Frey,S. Frey,1606
1072,Tara,Collins,Tara Collins,1607
808,Elizabeth,Davis,Elizabeth Davis,1608
863,A.,Douglas,A. Douglas,1609
1946,ndrea,Torres,ndrea Torres,1610
1617,Bsgndy,Dunlap,Bsgndy Dunlap,1611
865,Laura,Clark,Laura Clark,1612
780,Harold,Griffin,Harold Griffin,1613
773,Sandra,Morales,Sandra Morales,1614
730,Brian,Adkins,Brian Adkins,1615
1190,Aaron,Wilcox,Aaron Wilcox,1616
573,Jason,Davis,Jason Davis,1617
882,Mary,Brandt,Mary Brandt,1618
557,Matthew,Blackwell,Matthew Blackwell,1619
950,N.,Bass,N. Bass,1620
874,Sherry,Romero,Sherry Romero,1621
917,William,Gray,William Gray,1622
976,Marissa,Krause,Marissa Krause,1623
1004,Michael,Wells,Michael Wells,1624
754,Lynn,Marshall,Lynn Marshall,1625
995,R.,Kelley,R. Kelley,1626
644,Benjamin,Vazquez,Benjamin Vazquez,1627
814,Elizabeth,Johnson,Elizabeth Johnson,1628
619,Jessica,Mueller,Jessica Mueller,1629
951,kaorkey,White,kaorkey White,1630
835,Amber,Phillips,Amber Phillips,1631
1117,Alicia,Wilson,Alicia Wilson,1632
919,John,Cross,John Cross,1633
704,Mark,Harris,Mark Harris,1634
626,William,Porter,William Porter,1635
903,D.,Harrison,D. Harrison,1636
923,Terri,Walker,Terri Walker,1637
739,Keith,Roberts,Keith Roberts,1638
822,Michael,Campbell,Michael Campbell,1639
787,Joseph,Jones,Joseph Jones,1640
942,Morgan,Torres,Morgan Torres,1641
668,Megan,Collins,Megan Collins,1642
1167,Robin,Jones,Robin Jones,1643
956,Colton,Koch,Colton Koch,1644
2120,Debtorah,Morgan,Debtorah Morgan,1645
920,kRoxert,Russell,kRoxert Russell,1646
677,Jon,Williams,Jon Williams,1647
667,Steven,Arnold,Steven Arnold,1648
938,Jared,Williams,Jared Williams,1649
746,Cghad,Sklkiva,Cghad Sklkiva,1650
608,Sarah,Harvey,Sarah Harvey,1651
1128,Steven,Williams,Steven Williams,1652
1154,Colleen,Wood,Colleen Wood,1653
890,Cynthia,Nash,Cynthia Nash,1654
819,Mark,Solomon,Mark Solomon,1655
597,Taylor,Craig,Taylor Craig,1656
820,Diane,Joseph,Diane Joseph,1657
746,Chad,Sullivan,Chad Sullivan,1658
950,Najncj,Bass,Najncj Bass,1659
1112,Justin,Hill,Justin Hill,1660
963,M.,Berry,M. Berry,1661
814,Elizabeth,Johnson,Elizabeth Johnson,1662
570,J.,Brooks,J. Brooks,1663
632,Susan,Anderson,Susan Anderson,1664
586,Christina,Kennedy,Christina Kennedy,1665
875,Greg,Estrada,Greg Estrada,1666
768,J.,Harrison,J. Harrison,1667
700,Jessica,Brooks,Jessica Brooks,1668
1694,om,Heath,om Heath,1669
1090,James,Johnson,James Johnson,1670
601,Lee,Brown,Lee Brown,1671
820,Dfianolmt,Joseph,Dfianolmt Joseph,1672
2170,Klguli,Wells,Klguli Wells,1673
693,Natasha,Tucker,Natasha Tucker,1674
779,Susan,Morrow,Susan Morrow,1675
1933,uStephen,Raymond,uStephen Raymond,1676
956,C.,Koch,C. Koch,1677
863,Aaron,Douglas,Aaron Douglas,1678
570,Janet,Brooks,Janet Brooks,1679
1044,Hhnnfoah,gWhive,Hhnnfoah gWhive,1680
1093,Stephen,Carey,Stephen Carey,1681
2111,ftv,Jones,ftv Jones,1682
905,Jessica,Rodriguez,Jessica Rodriguez,1683
969,Jeffrey,Vance,Jeffrey Vance,1684
2068,unmeh,Jacobs,unmeh Jacobs,1685
589,Miranda,Fuentes,Miranda Fuentes,1686
726,Sandra,Charles,Sandra Charles,1687
796,Derek,Paul,Derek Paul,1688
730,Briajn,lidkifaws,Briajn lidkifaws,1689
608,S.,Harvey,S. Harvey,1690
1073,Tim,Collins,Tim Collins,1691
1126,Clinton,Little,Clinton Little,1692
705,Melissa,Bauer,Melissa Bauer,1693
838,James,Sullivan,James Sullivan,1694
830,C.,Collins,C. Collins,1695
986,Rachel,Bridges,Rachel Bridges,1696
1069,Thomas,Nguyen,Thomas Nguyen,1697
568,Angela,Flowers,Angela Flowers,1698
678,Mary,Contreras,Mary Contreras,1699
613,John,Walls,John Walls,1700
1836,Bailevy,Snyder,Bailevy Snyder,1701
765,Jonathan,Edwards,Jonathan Edwards,1702
1178,Kendra,King,Kendra King,1703
741,Vanessa,Arroyo,Vanessa Arroyo,1704
666,Joshua,Perez,Joshua Perez,1705
640,aJerdryh,Stafford,aJerdryh Stafford,1706
1006,Stephanie,Berry,Stephanie Berry,1707
731,Brittany,Forbes,Brittany Forbes,1708
694,Rodnld,Fritz,Rodnld Fritz,1709
845,M.,Baker,M. Baker,1710
1054,Danielle,Hernandez,Danielle Hernandez,1711
581,A.,Walker,A. Walker,1712
797,Amgdya,Hicvman,Amgdya Hicvman,1713
1187,Heidi,Hodge,Heidi Hodge,1714
719,Brika,Espinoza,Brika Espinoza,1715
1191,Richard,Hughes,Richard Hughes,1716
596,Kristen,Lewis,Kristen Lewis,1717
1153,Kenneth,Rice,Kenneth Rice,1718
708,Stephanie,Lopez,Stephanie Lopez,1719
754,Lynn,Marshall,Lynn Marshall,1720
722,Cody,Johnson,Cody Johnson,1721
567,Anthony,Wagner,Anthony Wagner,1722
955,Robert,Webb,Robert Webb,1723
599,Todd,Hawkins,Todd Hawkins,1724
2218,Derrdck,Patel,Derrdck Patel,1725
1164,Joshua,Peterson,Joshua Peterson,1726
957,Amber,Wong,Amber Wong,1727
758,Denis,Alvarado,Denis Alvarado,1728
721,D.,Cooper,D. Cooper,1729
834,Rodney,Jensen,Rodney Jensen,1730
998,edinhael,Jefferson,edinhael Jefferson,1731
1138,Christopher,Johnson,Christopher Johnson,1732
776,Michael,Thornton,Michael Thornton,1733
577,Edward,Werner,Edward Werner,1734
1173,Michael,Molina,Michael Molina,1735
691,Adam,Rivera,Adam Rivera,1736
1171,Amy,Reynolds,Amy Reynolds,1737
886,Kelsey,Mccoy,Kelsey Mccoy,1738
780,Harold,Griffin,Harold Griffin,1739
588,Ronald,Hamilton,Ronald Hamilton,1740
2232,Rzan,Chavez,Rzan Chavez,1741
893,Jessica,Gordon,Jessica Gordon,1742
935,Robert,Navarro,Robert Navarro,1743
1180,Thomas,Williams,Thomas Williams,1744
1122,Michael,Moore,Michael Moore,1745
1051,Isabel,Smith,Isabel Smith,1746
1116,Gregory,Hernandez,Gregory Hernandez,1747
745,Thomas,Evans,Thomas Evans,1748
1125,Paige,Wilson,Paige Wilson,1749
1129,Tammy,Stephens,Tammy Stephens,1750
567,Antheony,Wagner,Antheony Wagner,1751
2265,Makpk,Welch,Makpk Welch,1752
1111,Caleb,Johnston,Caleb Johnston,1753
993,Troy,Owens,Troy Owens,1754
1181,Pamela,Gallegos,Pamela Gallegos,1755
713,Stephanie,Campbell,Stephanie Campbell,1756
1141,Chzarventme,Jakn,Chzarventme Jakn,1757
703,Steven,Campbell,Steven Campbell,1758
1097,Michael,Mccoy,Michael Mccoy,1759
1196,Kyle,Rose,Kyle Rose,1760
1074,Heidi,Robles,Heidi Robles,1761
1748,Wenslzvy,Wells,Wenslzvy Wells,1762
777,Morgan,Stevens,Morgan Stevens,1763
843,Jeffuy,Crjaxfoerd,Jeffuy Crjaxfoerd,1764
654,Miranda,Wells,Miranda Wells,1765
912,Jennifer,Curtis,Jennifer Curtis,1766
622,Amy,Thomas,Amy Thomas,1767
1071,Rebecca,Campbell,Rebecca Campbell,1768
807,Jzcssre,jllx,Jzcssre jllx,1769
767,John,Poole,John Poole,1770
688,Frank,Smith,Frank Smith,1771
670,Tina,Smith,Tina Smith,1772
604,Samantha,West,Samantha West,1773
702,Lisa,Mayer,Lisa Mayer,1774
902,Lisa,Gomez,Lisa Gomez,1775
940,qqosoeuh,Matthews,qqosoeuh Matthews,1776
758,Dennis,Alvarado,Dennis Alvarado,1777
1031,Lisa,Gray,Lisa Gray,1778
884,Frhk,Drake,Frhk Drake,1779
1078,Lauren,Ramos,Lauren Ramos,1780
1658,bmissa,Gibbs,bmissa Gibbs,1781
1064,qMgnica,vngrm,qMgnica vngrm,1782
587,Mason,Welch,Mason Welch,1783
2014,olissa,Alvarado,olissa Alvarado,1784
1029,Pamela,James,Pamela James,1785
804,Michael,Sweeney,Michael Sweeney,1786
852,Jack,Davis,Jack Davis,1787
880,nSia,Cabrera,nSia Cabrera,1788
691,Abam,Rivera,Abam Rivera,1789
1015,James,Cunningham,James Cunningham,1790
1062,Henry,Love,Henry Love,1791
1107,Shaun,Johnson,Shaun Johnson,1792
813,Alexis,Ellis,Alexis Ellis,1793
1009,Eric,Williamson,Eric Williamson,1794
848,Rachel,Miller,Rachel Miller,1795
694,Ronald,Fritz,Ronald Fritz,1796
701,Anita,Barton,Anita Barton,1797
924,Dahvixd,Evans,Dahvixd Evans,1798
1021,Breanna,Williams,Breanna Williams,1799
906,Ainle,Walker,Ainle Walker,1800
975,Lisa,Chavez,Lisa Chavez,1801
1146,Diana,Snyder,Diana Snyder,1802
943,Justin,Wilson,Justin Wilson,1803
698,Nancy,Snyder,Nancy Snyder,1804
1773,Susean,Phillips,Susean Phillips,1805
741,V.,Arroyo,V. Arroyo,1806
614,Anhrea,Wnlqur,Anhrea Wnlqur,1807
1035,yarnis,Navarro,yarnis Navarro,1808
916,Daniel,Bradley,Daniel Bradley,1809
859,Palricia,Mirllwer,Palricia Mirllwer,1810
932,Christopher,Coleman,Christopher Coleman,1811
866,Lisa,Poole,Lisa Poole,1812
737,Melissa,Greene,Melissa Greene,1813
674,Margaret,Johnson,Margaret Johnson,1814
1124,James,Manning,James Manning,1815
1007,Lauren,Roberts,Lauren Roberts,1816
694,Ronald,Fritz,Ronald Fritz,1817
2274,Mvbhal,Cisneros,Mvbhal Cisneros,1818
748,Rachel,Vasquez,Rachel Vasquez,1819
1008,Derrick,Harris,Derrick Harris,1820
830,Chris,Collins,Chris Collins,1821
844,Daniel,Williams,Daniel Williams,1822
900,Annette,Wilkinson,Annette Wilkinson,1823
673,James,Gutierrez,James Gutierrez,1824
734,Brianna,Rodriguez,Brianna Rodriguez,1825
753,Albert,Bond,Albert Bond,1826
920,Robert,Russell,Robert Russell,1827
797,Amanda,Hickman,Amanda Hickman,1828
908,Christopher,Owen,Christopher Owen,1829
1163,Jonathan,Miller,Jonathan Miller,1830
1080,David,Sullivan,David Sullivan,1831
1095,B.,Holt,B. Holt,1832
1113,Melinda,Collins,Melinda Collins,1833
1113,edindna,Colzlns,edindna Colzlns,1834
680,Susan,Smith,Susan Smith,1835
636,J.,Buchanan,J. Buchanan,1836
703,Steven,Campbell,Steven Campbell,1837
1089,Robert,Salazar,Robert Salazar,1838
769,Lynun,Mack,Lynun Mack,1839
1065,John,Turner,John Turner,1840
1155,Adam,Trevino,Adam Trevino,1841
770,Anthony,Mccullough,Anthony Mccullough,1842
602,Tammie,Johnson,Tammie Johnson,1843
1141,C.,Jackson,C. Jackson,1844
978,Albert,Solis,Albert Solis,1845
1100,Elizabeth,White,Elizabeth White,1846
1157,Jose,Snyder,Jose Snyder,1847
632,Susan,Anderson,Susan Anderson,1848
842,Tommy,Wolfe,Tommy Wolfe,1849
1077,Michael,Galvan,Michael Galvan,1850
704,Mark,Harris,Mark Harris,1851
931,Dezfrick,Rotqqh,Dezfrick Rotqqh,1852
953,Billy,Harper,Billy Harper,1853
818,Antonio,Smith,Antonio Smith,1854
1106,Lisa,Jones,Lisa Jones,1855
921,Cassidy,Duncan,Cassidy Duncan,1856
642,S.,Delacruz,S. Delacruz,1857
663,Brian,Johnson,Brian Johnson,1858
791,Nicole,Smith,Nicole Smith,1859
783,John,Alexander,John Alexander,1860
1133,Kaylee,Rodriguez,Kaylee Rodriguez,1861
909,qarah,Harjvser,qarah Harjvser,1862
1035,Dennis,Navarro,Dennis Navarro,1863
1936,hann,Vasquez,hann Vasquez,1864
762,Kristi,Johnson,Kristi Johnson,1865
594,Emmpzey,vRomio,Emmpzey vRomio,1866
784,Andrew,Gray,Andrew Gray,1867
889,Megan,Hamilton,Megan Hamilton,1868
2085,hChristbopher,Williams,hChristbopher Williams,1869
860,Anthony,Schroeder,Anthony Schroeder,1870
1026,Cindy,Washington,Cindy Washington,1871
806,Samantqha,Lawrpebnce,Samantqha Lawrpebnce,1872
757,S.,Buckley,S. Buckley,1873
1053,Justin,Smith,Justin Smith,1874
883,David,Ferguson,David Ferguson,1875
809,Morgan,Martin,Morgan Martin,1876
677,rao,Williams,rao Williams,1877
1016,Amanda,Winters,Amanda Winters,1878
742,Brian,Jennings,Brian Jennings,1879
833,Sandra,Shelton,Sandra Shelton,1880
715,Philp,Chailueb,Philp Chailueb,1881
896,Kevin,Johnston,Kevin Johnston,1882
775,John,Bird,John Bird,1883
1172,Christopher,Turner,Christopher Turner,1884
1102,Jessica,Morales,Jessica Morales,1885
937,Alice,Camacho,Alice Camacho,1886
863,ark,Douglms,ark Douglms,1887
750,Susan,Walker,Susan Walker,1888
575,David,Ho,David Ho,1889
1027,F.,Noble,F. Noble,1890
919,J.,Cross,J. Cross,1891
1151,Ann,Lynch,Ann Lynch,1892
965,Christibe,i,Christibe i,1893
982,Lisa,Cook,Lisa Cook,1894
1098,Maria,Johnson,Maria Johnson,1895
1024,Erik,Owens,Erik Owens,1896
1119,Tanner,Wheeler,Tanner Wheeler,1897
979,Frances,Brandt,Frances Brandt,1898
1175,Steven,King,Steven King,1899
712,L.,Davis,L. Davis,1900
703,S.,Campbell,S. Campbell,1901
636,Jennifer,Buchanan,Jennifer Buchanan,1902
793,Benjamin,Miller,Benjamin Miller,1903
1007,Lauren,Roberts,Lauren Roberts,1904
710,Dale,Williams,Dale Williams,1905
961,Leah,Graham,Leah Graham,1906
586,Christina,Kennedy,Christina Kennedy,1907
970,Joseph,Gibbs,Joseph Gibbs,1908
721,Deborah,Cooper,Deborah Cooper,1909
1030,Megan,Salas,Megan Salas,1910
1147,Danielle,Long,Danielle Long,1911
824,Speno,Kxxnox,Speno Kxxnox,1912
792,Enpmily,by,Enpmily by,1913
1168,Michele,Lee,Michele Lee,1914
1063,Julie,Nicholson,Julie Nicholson,1915
646,Vanessa,Cisneros,Vanessa Cisneros,1916
982,Lisa,Cook,Lisa Cook,1917
791,Nicole,Smith,Nicole Smith,1918
1068,Luis,Davis,Luis Davis,1919
989,Henry,Smith,Henry Smith,1920
720,Rebecca,Thornton,Rebecca Thornton,1921
654,M.,Wells,M. Wells,1922
611,M.,Baldwin,M. Baldwin,1923
1146,biyaka,Spnydzr,biyaka Spnydzr,1924
757,Stephen,Buckley,Stephen Buckley,1925
833,S.,Shelton,S. Shelton,1926
588,Ronald,Hamilton,Ronald Hamilton,1927
865,Laura,Clark,Laura Clark,1928
591,Clqaupqua,Tomaks,Clqaupqua Tomaks,1929
1120,Jennifer,Baker,Jennifer Baker,1930
768,John,Harrison,John Harrison,1931
555,James,Moore,James Moore,1932
840,Christopher,Gregory,Christopher Gregory,1933
634,C.,Salas,C. Salas,1934
2164,Dekn,Torres,Dekn Torres,1935
1011,Gerald,Smith,Gerald Smith,1936
1066,Shelby,Jones,Shelby Jones,1937
974,Melissa,Davis,Melissa Davis,1938
949,S.,Shannon,S. Shannon,1939
1042,Alan,Lane,Alan Lane,1940
649,Kirk,Bridges,Kirk Bridges,1941
1099,Gregory,Craig,Gregory Craig,1942
1061,Tina,Greer,Tina Greer,1943
603,Jcyoa,Russell,Jcyoa Russell,1944
904,Nathaniel,Colon,Nathaniel Colon,1945
910,hvBrittsiny,Jones,hvBrittsiny Jones,1946
598,David,Ward,David Ward,1947
583,Miguel,Patel,Miguel Patel,1948
638,Angelica,Ramos,Angelica Ramos,1949
822,M.,Campbell,M. Campbell,1950
751,Julie,Williams,Julie Williams,1951
685,Dylan,Mcgee,Dylan Mcgee,1952
578,Jason,Huffman,Jason Huffman,1953
1141,Charlene,Jackson,Charlene Jackson,1954
1798,Oiqla,Rivera,Oiqla Rivera,1955
944,Sandra,Morrison,Sandra Morrison,1956
1082,Melissa,Miller,Melissa Miller,1957
775,J.,Bird,J. Bird,1958
839,Diana,Moreno,Diana Moreno,1959
910,Brittany,Jones,Brittany Jones,1960
1037,James,Williamson,James Williamson,1961
588,Ronld,Hamilton,Ronld Hamilton,1962
1000,Robert,Johns,Robert Johns,1963
949,Sandra,Shannon,Sandra Shannon,1964
689,Harold,Williams,Harold Williams,1965
613,John,Walls,John Walls,1966
936,Jennifer,Perkins,Jennifer Perkins,1967
1025,Darrell,Davis,Darrell Davis,1968
679,Tara,Ruiz,Tara Ruiz,1969
1085,Vkctoria,Daniyels,Vkctoria Daniyels,1970
959,Sean,Lopez,Sean Lopez,1971
1115,Connor,Gregory,Connor Gregory,1972
1177,Joseph,Dawson,Joseph Dawson,1973
615,Robert,Jackson,Robert Jackson,1974
552,Robert,Smith,Robert Smith,1975
565,Nicholas,Cisneros,Nicholas Cisneros,1976
707,Becky,Meyer,Becky Meyer,1977
591,Claudia,Thomas,Claudia Thomas,1978
946,Katrina,Small,Katrina Small,1979
1968,Heaher,Norton,Heaher Norton,1980
738,Brian,Jacobs,Brian Jacobs,1981
742,Brian,Jennings,Brian Jennings,1982
767,John,Poole,John Poole,1983
634,C.,Salas,C. Salas,1984
603,Jon,Russell,Jon Russell,1985
1139,Rebecca,Johnson,Rebecca Johnson,1986
736,J.,Rivera,J. Rivera,1987
1070,Alan,Romero,Alan Romero,1988
1059,Ruben,Gilmore,Ruben Gilmore,1989
798,Tracy,Hardy,Tracy Hardy,1990
846,Antonio,Raymond,Antonio Raymond,1991
1049,Dennis,Bishop,Dennis Bishop,1992
802,Emily,Rojas,Emily Rojas,1993
923,T.,Walker,T. Walker,1994
777,M.,Stevens,M. Stevens,1995
928,Juan,Townsend,Juan Townsend,1996
1197,Julie,Merritt,Julie Merritt,1997
651,sjarnd,Phillips,sjarnd Phillips,1998
1127,Ashley,Mcdonald,Ashley Mcdonald,1999
820,Diane,Joseph,Diane Joseph,2000
752,Theresa,Anderson,Theresa Anderson,2001
712,Linda,Davis,Linda Davis,2002
978,Albert,Solis,Albert Solis,2003
921,Cassidy,Duncan,Cassidy Duncan,2004
901,Christine,May,Christine May,2005
1050,Erica,Bell,Erica Bell,2006
927,Betty,Davis,Betty Davis,2007
1107,Shaun,Johnson,Shaun Johnson,2008
575,bDavid,so,bDavid so,2009
1717,mer,Moore,mer Moore,2010
983,Calvin,Golden,Calvin Golden,2011
617,S.,Cordova,S. Cordova,2012
552,Robert,Smith,Robert Smith,2013
739,K.,Roberts,K. Roberts,2014
1189,Ryan,Soto,Ryan Soto,2015
975,Lisa,Chavez,Lisa Chavez,2016
631,Jeffrey,Austin,Jeffrey Austin,2017
756,Lindsey,Guerrero,Lindsey Guerrero,2018
585,Chad,Sanders,Chad Sanders,2019
1085,Victoria,Daniels,Victoria Daniels,2020
952,Timhy,Rcrzgcez,Timhy Rcrzgcez,2021
675,Daniel,Gutierrez,Daniel Gutierrez,2022
927,Betty,Davis,Betty Davis,2023
829,Sara,Porter,Sara Porter,2024
642,Stephanie,Delacruz,Stephanie Delacruz,2025
873,Tara,Nelson,Tara Nelson,2026
1115,bonno,Gregory,bonno Gregory,2027
739,xeth,Roberts,xeth Roberts,2028
726,S.,Charles,S. Charles,2029
2167,Teazy,Hernandez,Teazy Hernandez,2030
792,Emily,Avery,Emily Avery,2031
564,Cindy,Hayes,Cindy Hayes,2032
858,Carol,Alexander,Carol Alexander,2033
577,Edward,Werner,Edward Werner,2034
640,Jerry,Stafford,Jerry Stafford,2035
824,Spencer,Knox,Spencer Knox,2036
717,Cynthia,Owens,Cynthia Owens,2037
915,M.,Myers,M. Myers,2038
1195,Paula,Lowery,Paula Lowery,2039
771,D.,Johnson,D. Johnson,2040
1105,Andrew,Valdez,Andrew Valdez,2041
734,inpa,Rodriguez,inpa Rodriguez,2042
1188,Sheila,Phillips,Sheila Phillips,2043
952,Timothy,Rodriguez,Timothy Rodriguez,2044
907,Soeia,qam,Soeia qam,2045
794,Travis,Simon,Travis Simon,2046
984,Jonathan,Kane,Jonathan Kane,2047
1137,Elizabeth,Sherman,Elizabeth Sherman,2048
981,Gabriella,Cochran,Gabriella Cochran,2049
1043,Christopher,Mccoy,Christopher Mccoy,2050
740,Michael,Glass,Michael Glass,2051
1087,Brian,Stevens,Brian Stevens,2052
871,E.,Perry,E. Perry,2053
762,K.,Johnson,K. Johnson,2054
1040,Courtney,Wright,Courtney Wright,2055
954,Stacy,Lawson,Stacy Lawson,2056
609,Adam,Gross,Adam Gross,2057
715,P.,Charles,P. Charles,2058
615,R.,Jackson,R. Jackson,2059
632,S.,Anderson,S. Anderson,2060
872,Jeremy,Brown,Jeremy Brown,2061
1837,iclan,Rodriguez,iclan Rodriguez,2062
572,John,Young,John Young,2063
584,Andrew,Porter,Andrew Porter,2064
930,Daniel,Henderson,Daniel Henderson,2065
711,Michelle,Torres,Michelle Torres,2066
827,Brett,Ryan,Brett Ryan,2067
1174,Charles,Warren,Charles Warren,2068
742,Brian,Jennings,Brian Jennings,2069
714,Shannon,Myers,Shannon Myers,2070
936,J.,Perkins,J. Perkins,2071
907,Sheila,Pham,Sheila Pham,2072
945,Taylor,Vasquez,Taylor Vasquez,2073
712,L.,Davis,L. Davis,2074
2162,fNicoe,Thompson,fNicoe Thompson,2075
1954,Kpixmberl,Griffin,Kpixmberl Griffin,2076
639,C.,Smith,C. Smith,2077
681,Mary,Stein,Mary Stein,2078
1032,Tamara,Walker,Tamara Walker,2079
1135,Ashley,Green,Ashley Green,2080
650,Linda,Martinez,Linda Martinez,2081
829,S.,Porter,S. Porter,2082
638,Angelica,Ramos,Angelica Ramos,2083
592,Matthew,Brock,Matthew Brock,2084
841,D.,Jones,D. Jones,2085
765,Jonathan,Edwards,Jonathan Edwards,2086
881,Stdhee,Caohrz,Stdhee Caohrz,2087
672,Debbie,Lane,Debbie Lane,2088
1013,Alexander,Davies,Alexander Davies,2089
571,Benjamin,Adams,Benjamin Adams,2090
1048,Jackie,Gonzales,Jackie Gonzales,2091
622,Amy,Thomas,Amy Thomas,2092
657,Gregory,Diaz,Gregory Diaz,2093
821,Wayne,Allen,Wayne Allen,2094
636,Jennifer,Buchanan,Jennifer Buchanan,2095
703,Steven,Campbell,Steven Campbell,2096
653,Joel,Wallace,Joel Wallace,2097
